cond_id,T_degC,T_K,invTK,SOC_store,SOC_pct,t_h,sqrt_t,Q_Ah,SOH_init,dSOH,EFC,SOCc,SOCc2,source_col
TP_40C_100SOC,40,313.15,0.00319335781574325,1,100,9665.8,98.3148005134527,2.72233658020748,0.909404549008745,0.0905954509912548,0,0.5,0.25,"TP_40°C,100%SOC"
TP_25C_0SOC,25,298.15,0.00335401643468053,0,0,12211,110.503393613047,2.95427538176763,0.98608389175606,0.0139161082439403,0,-0.5,0.25,"TP_25°C,0%SOC"
TP_25C_50SOC,25,298.15,0.00335401643468053,0.5,50,3286.7,57.3297479499082,2.94190250252598,0.982889564637239,0.0171104353627614,0,0,0,"TP_25°C,50%SOC"
TP_40C_100SOC,40,313.15,0.00319335781574325,1,100,7663.4,87.5408476084165,2.74786892830153,0.917933705055215,0.0820662949447847,0,0.5,0.25,"TP_40°C,100%SOC"
TP_40C_88SOC,40,313.15,0.00319335781574325,0.875,87.5,2579.2,50.7858247939324,2.83421971266971,0.946888337277471,0.0531116627225293,0,0.375,0.140625,"TP_40°C,87.5%SOC"
TP_40C_50SOC,40,313.15,0.00319335781574325,0.5,50,408.99,20.2235011805572,2.96553829141535,0.99193906395846,0.00806093604153968,0,0,0,"TP_40°C,50%SOC"
TP_40C_12SOC,40,313.15,0.00319335781574325,0.125,12.5,10302,101.498768465435,2.88372178742421,0.963153337077041,0.0368466629229586,0,-0.375,0.140625,"TP_40°C,12.5%SOC"
TP_40C_0SOC,40,313.15,0.00319335781574325,0,0,8300.1,91.1048846110899,2.94678478001385,0.983967136374332,0.0160328636256678,0,-0.5,0.25,"TP_40°C,0%SOC"
TP_40C_75SOC,40,313.15,0.00319335781574325,0.75,75,1945,44.1021541423999,2.88714520977471,0.963457916293002,0.0365420837069977,0,0.25,0.0625,"TP_40°C,75%SOC"
TP_40C_75SOC,40,313.15,0.00319335781574325,0.75,75,5753.1,75.8491924808696,2.82335386681587,0.942170357164845,0.0578296428351553,0,0.25,0.0625,"TP_40°C,75%SOC"
TP_40C_12SOC,40,313.15,0.00319335781574325,0.125,12.5,5753.1,75.8491924808696,2.9244433250141,0.976754193092921,0.0232458069070792,0,-0.375,0.140625,"TP_40°C,12.5%SOC"
TP_40C_38SOC,40,313.15,0.00319335781574325,0.375,37.5,9031.6,95.0347304936464,2.82174508782412,0.942879485799219,0.0571205142007806,0,-0.125,0.015625,"TP_40°C,37.5%SOC"
TP_25C_100SOC,25,298.15,0.00335401643468053,1,100,6388.1,79.9255903950668,2.80886617480379,0.93767948049507,0.0623205195049299,0,0.5,0.25,"TP_25°C,100%SOC"
TP_40C_50SOC,40,313.15,0.00319335781574325,0.5,50,14695,121.22293512368,2.76634845490801,0.925312313413004,0.0746876865869961,0,0,0,"TP_40°C,50%SOC"
TP_40C_25SOC,40,313.15,0.00319335781574325,0.25,25,18239,135.051841897843,2.78496498062024,0.928596279753181,0.0714037202468192,0,-0.25,0.0625,"TP_40°C,25%SOC"
TP_25C_100SOC,25,298.15,0.00335401643468053,1,100,7663.4,87.5408476084165,2.78866810784854,0.930936790829221,0.0690632091707795,0,0.5,0.25,"TP_25°C,100%SOC"
TP_0C_50SOC,0,273.15,0.00366099212886692,0.5,50,15148,123.077211538123,2.9405286775678,0.979146881904298,0.0208531180957019,0,0,0,"TP_0°C,50%SOC"
TP_40C_25SOC,40,313.15,0.00319335781574325,0.25,25,14119,118.823398369176,2.81718081943637,0.939338069428081,0.0606619305719186,0,-0.25,0.0625,"TP_40°C,25%SOC"
TP_25C_50SOC,25,298.15,0.00335401643468053,0.5,50,14119,118.823398369176,2.88107644115878,0.962567578805121,0.0374324211948793,0,0,0,"TP_25°C,50%SOC"
TP_40C_25SOC,40,313.15,0.00319335781574325,0.25,25,19190,138.527975513973,2.77779506503256,0.926205600880306,0.0737943991196937,0,-0.25,0.0625,"TP_40°C,25%SOC"
TP_40C_50SOC,40,313.15,0.00319335781574325,0.5,50,1285.6,35.8552646064703,2.93419185873499,0.981454036271783,0.0185459637282175,0,0,0,"TP_40°C,50%SOC"
TP_40C_0SOC,40,313.15,0.00319335781574325,0,0,6388.1,79.9255903950668,2.95868926281518,0.987942187396547,0.0120578126034527,0,-0.5,0.25,"TP_40°C,0%SOC"
TP_25C_0SOC,25,298.15,0.00335401643468053,0,0,3286.7,57.3297479499082,2.9813581772835,0.995123640916459,0.00487635908354078,0,-0.5,0.25,"TP_25°C,0%SOC"
TP_40C_50SOC,40,313.15,0.00319335781574325,0.5,50,9031.6,95.0347304936464,2.82060513699998,0.943460560766139,0.0565394392338607,0,0,0,"TP_40°C,50%SOC"
TP_40C_50SOC,40,313.15,0.00319335781574325,0.5,50,1009.1,31.7663343809134,2.94325058871135,0.984484079134292,0.0155159208657076,0,0,0,"TP_40°C,50%SOC"
TP_0C_50SOC,0,273.15,0.00366099212886692,0.5,50,7026.7,83.8254138075083,2.96668499794046,0.987856499236159,0.0121435007638406,0,0,0,"TP_0°C,50%SOC"
TP_25C_50SOC,25,298.15,0.00335401643468053,0.5,50,15811,125.741798937346,2.87220409481307,0.959603328076363,0.0403966719236367,0,0,0,"TP_25°C,50%SOC"
TP_40C_38SOC,40,313.15,0.00319335781574325,0.375,37.5,1285.6,35.8552646064703,2.93359980334139,0.980255475964393,0.0197445240356068,0,-0.125,0.015625,"TP_40°C,37.5%SOC"
TP_40C_88SOC,40,313.15,0.00319335781574325,0.875,87.5,13481,116.10770861575,2.67848862364132,0.894859924909397,0.105140075090603,0,0.375,0.140625,"TP_40°C,87.5%SOC"
TP_25C_0SOC,25,298.15,0.00335401643468053,0,0,21241,145.742924356553,2.9322348687875,0.978727165653315,0.0212728343466851,0,-0.5,0.25,"TP_25°C,0%SOC"
TP_0C_50SOC,0,273.15,0.00366099212886692,0.5,50,9031.6,95.0347304936464,2.95698458679776,0.984626424523397,0.015373575476603,0,0,0,"TP_0°C,50%SOC"
TP_40C_75SOC,40,313.15,0.00319335781574325,0.75,75,1009.1,31.7663343809134,2.91257597932197,0.971944318762396,0.0280556812376038,0,0.25,0.0625,"TP_40°C,75%SOC"
TP_40C_50SOC,40,313.15,0.00319335781574325,0.5,50,13481,116.10770861575,2.77800720584352,0.929212033920196,0.0707879660798044,0,0,0,"TP_40°C,50%SOC"
TP_40C_75SOC,40,313.15,0.00319335781574325,0.75,75,3872.7,62.2310212032552,2.85154885898853,0.951579197536503,0.048420802463497,0,0.25,0.0625,"TP_40°C,75%SOC"
TP_25C_0SOC,25,298.15,0.00335401643468053,0,0,15148,123.077211538123,2.94384772129291,0.982603326577105,0.0173966734228946,0,-0.5,0.25,"TP_25°C,0%SOC"
TP_25C_0SOC,25,298.15,0.00335401643468053,0,0,9665.8,98.3148005134527,2.96012435615525,0.98803617401875,0.0119638259812505,0,-0.5,0.25,"TP_25°C,0%SOC"
TP_25C_100SOC,25,298.15,0.00335401643468053,1,100,13481,116.10770861575,2.71689957775423,0.906978412669952,0.093021587330048,0,0.5,0.25,"TP_25°C,100%SOC"
TP_40C_38SOC,40,313.15,0.00319335781574325,0.375,37.5,8300.1,91.1048846110899,2.83266275806325,0.946527599636864,0.0534724003631361,0,-0.125,0.015625,"TP_40°C,37.5%SOC"
TP_40C_100SOC,40,313.15,0.00319335781574325,1,100,5118.6,71.5443918137543,2.78626992590091,0.930761671353449,0.069238328646551,0,0.5,0.25,"TP_40°C,100%SOC"
TP_40C_38SOC,40,313.15,0.00319335781574325,0.375,37.5,1009.1,31.7663343809134,2.9419920624143,0.983059729599317,0.016940270400683,0,-0.125,0.015625,"TP_40°C,37.5%SOC"
TP_25C_0SOC,25,298.15,0.00335401643468053,0,0,1945,44.1021541423999,2.98634665841445,0.996788706034598,0.00321129396540165,0,-0.5,0.25,"TP_25°C,0%SOC"
TP_40C_0SOC,40,313.15,0.00319335781574325,0,0,3872.7,62.2310212032552,2.96987421127762,0.99167697718633,0.00832302281367037,0,-0.5,0.25,"TP_40°C,0%SOC"
TP_40C_88SOC,40,313.15,0.00319335781574325,0.875,87.5,12211,110.503393613047,2.69099271008135,0.899037432237233,0.100962567762767,0,0.375,0.140625,"TP_40°C,87.5%SOC"
TP_40C_88SOC,40,313.15,0.00319335781574325,0.875,87.5,3872.7,62.2310212032552,2.80698209540622,0.937788484500802,0.0622115154991979,0,0.375,0.140625,"TP_40°C,87.5%SOC"
TP_40C_100SOC,40,313.15,0.00319335781574325,1,100,160.33,12.6621483169326,2.95096430652603,0.985778314051336,0.0142216859486642,0,0.5,0.25,"TP_40°C,100%SOC"
TP_40C_100SOC,40,313.15,0.00319335781574325,1,100,20163,141.996478829582,2.59347190483089,0.866356924829565,0.133643075170435,0,0.5,0.25,"TP_40°C,100%SOC"
TP_40C_25SOC,40,313.15,0.00319335781574325,0.25,25,12844,113.331372532058,2.82856550858766,0.943134088432127,0.0568659115678735,0,-0.25,0.0625,"TP_40°C,25%SOC"
TP_40C_75SOC,40,313.15,0.00319335781574325,0.75,75,2579.2,50.7858247939324,2.87385462896296,0.959022768642008,0.0409772313579922,0,0.25,0.0625,"TP_40°C,75%SOC"
TP_40C_25SOC,40,313.15,0.00319335781574325,0.25,25,0,0,2.99911279136341,1,0,0,-0.25,0.0625,"TP_40°C,25%SOC"
TP_0C_50SOC,0,273.15,0.00366099212886692,0.5,50,12211,110.503393613047,2.95173609387575,0.982878764138893,0.0171212358611068,0,0,0,"TP_0°C,50%SOC"
TP_40C_50SOC,40,313.15,0.00319335781574325,0.5,50,3872.7,62.2310212032552,2.88719039810577,0.965732578553232,0.034267421446768,0,0,0,"TP_40°C,50%SOC"
TP_40C_75SOC,40,313.15,0.00319335781574325,0.75,75,1285.6,35.8552646064703,2.90306301233415,0.968769783820122,0.031230216179878,0,0.25,0.0625,"TP_40°C,75%SOC"
TP_40C_88SOC,40,313.15,0.00319335781574325,0.875,87.5,21241,145.742924356553,2.61548661491464,0.87381149771031,0.12618850228969,0,0.375,0.140625,"TP_40°C,87.5%SOC"
TP_40C_100SOC,40,313.15,0.00319335781574325,1,100,8300.1,91.1048846110899,2.74042249266808,0.915446201310016,0.0845537986899844,0,0.5,0.25,"TP_40°C,100%SOC"
TP_40C_88SOC,40,313.15,0.00319335781574325,0.875,87.5,160.33,12.6621483169326,2.94530075268077,0.983999553747011,0.0160004462529887,0,0.375,0.140625,"TP_40°C,87.5%SOC"
TP_25C_100SOC,25,298.15,0.00335401643468053,1,100,7026.7,83.8254138075083,2.79855446179197,0.934237137179938,0.0657628628200625,0,0.5,0.25,"TP_25°C,100%SOC"
TP_25C_50SOC,25,298.15,0.00335401643468053,0.5,50,708.11,26.6103363375963,2.97453973103945,0.993793662001793,0.00620633799820669,0,0,0,"TP_25°C,50%SOC"
TP_40C_0SOC,40,313.15,0.00319335781574325,0,0,14695,121.22293512368,2.91709105994244,0.97405204352292,0.0259479564770803,0,-0.5,0.25,"TP_40°C,0%SOC"
TP_25C_0SOC,25,298.15,0.00335401643468053,0,0,17001,130.387882872604,2.94228911368106,0.982083091439549,0.0179169085604513,0,-0.5,0.25,"TP_25°C,0%SOC"
TP_40C_50SOC,40,313.15,0.00319335781574325,0.5,50,708.11,26.6103363375963,2.95351738009719,0.987918204893723,0.0120817951062772,0,0,0,"TP_40°C,50%SOC"
TP_40C_88SOC,40,313.15,0.00319335781574325,0.875,87.5,17001,130.387882872604,2.64618295265436,0.884066879137847,0.115933120862153,0,0.375,0.140625,"TP_40°C,87.5%SOC"
TP_40C_75SOC,40,313.15,0.00319335781574325,0.75,75,7663.4,87.5408476084165,2.80185038637231,0.934994514955365,0.0650054850446354,0,0.25,0.0625,"TP_40°C,75%SOC"
TP_25C_100SOC,25,298.15,0.00335401643468053,1,100,1285.6,35.8552646064703,2.90677716969118,0.970364957519327,0.0296350424806725,0,0.5,0.25,"TP_25°C,100%SOC"
TP_25C_50SOC,25,298.15,0.00335401643468053,0.5,50,5753.1,75.8491924808696,2.92429617488237,0.977007290939307,0.0229927090606933,0,0,0,"TP_25°C,50%SOC"
TP_0C_50SOC,0,273.15,0.00366099212886692,0.5,50,14119,118.823398369176,2.94778239293184,0.981562247833256,0.018437752166744,0,0,0,"TP_0°C,50%SOC"
TP_40C_38SOC,40,313.15,0.00319335781574325,0.375,37.5,0,0,2.99268902370095,1,0,0,-0.125,0.015625,"TP_40°C,37.5%SOC"
TP_40C_0SOC,40,313.15,0.00319335781574325,0,0,13481,116.10770861575,2.92291858899488,0.975997926070148,0.0240020739298518,0,-0.5,0.25,"TP_40°C,0%SOC"
TP_0C_50SOC,0,273.15,0.00366099212886692,0.5,50,1945,44.1021541423999,2.9840553936869,0.993640550574383,0.00635944942561717,0,0,0,"TP_0°C,50%SOC"
TP_40C_25SOC,40,313.15,0.00319335781574325,0.25,25,408.99,20.2235011805572,2.98063243873549,0.993838060148609,0.00616193985139146,0,-0.25,0.0625,"TP_40°C,25%SOC"
TP_25C_0SOC,25,298.15,0.00335401643468053,0,0,8300.1,91.1048846110899,2.96591064045195,0.989967531458652,0.0100324685413483,0,-0.5,0.25,"TP_25°C,0%SOC"
TP_40C_88SOC,40,313.15,0.00319335781574325,0.875,87.5,18239,135.051841897843,2.63674413411135,0.880913451350967,0.119086548649033,0,0.375,0.140625,"TP_40°C,87.5%SOC"
TP_25C_50SOC,25,298.15,0.00335401643468053,0.5,50,20163,141.996478829582,2.85696189841292,0.954510910577485,0.0454890894225154,0,0,0,"TP_25°C,50%SOC"
TP_40C_38SOC,40,313.15,0.00319335781574325,0.375,37.5,12844,113.331372532058,2.78351009689924,0.930103353490759,0.0698966465092408,0,-0.125,0.015625,"TP_40°C,37.5%SOC"
TP_40C_100SOC,40,313.15,0.00319335781574325,1,100,10302,101.498768465435,2.71531254863028,0.907058150582067,0.0929418494179329,0,0.5,0.25,"TP_40°C,100%SOC"
TP_25C_100SOC,25,298.15,0.00335401643468053,1,100,14695,121.22293512368,2.70508880710757,0.903035641247251,0.0969643587527486,0,0.5,0.25,"TP_25°C,100%SOC"
TP_40C_100SOC,40,313.15,0.00319335781574325,1,100,5753.1,75.8491924808696,2.77547115047887,0.92715430863279,0.0728456913672101,0,0.5,0.25,"TP_40°C,100%SOC"
TP_40C_50SOC,40,313.15,0.00319335781574325,0.5,50,12844,113.331372532058,2.78487941707447,0.931510710958184,0.0684892890418155,0,0,0,"TP_40°C,50%SOC"
TP_40C_12SOC,40,313.15,0.00319335781574325,0.125,12.5,17001,130.387882872604,2.83054103281938,0.945391144659836,0.0546088553401644,0,-0.375,0.140625,"TP_40°C,12.5%SOC"
TP_0C_50SOC,0,273.15,0.00366099212886692,0.5,50,8300.1,91.1048846110899,2.96380112341537,0.986896217239733,0.0131037827602674,0,0,0,"TP_0°C,50%SOC"
TP_40C_50SOC,40,313.15,0.00319335781574325,0.5,50,5753.1,75.8491924808696,2.86085917234156,0.956925080935333,0.0430749190646671,0,0,0,"TP_40°C,50%SOC"
TP_40C_38SOC,40,313.15,0.00319335781574325,0.375,37.5,12211,110.503393613047,2.79163934478268,0.932819722555189,0.0671802774448108,0,-0.125,0.015625,"TP_40°C,37.5%SOC"
TP_40C_0SOC,40,313.15,0.00319335781574325,0,0,10939,104.589674442557,2.93317548636601,0.979422828357824,0.0205771716421764,0,-0.5,0.25,"TP_40°C,0%SOC"
TP_40C_12SOC,40,313.15,0.00319335781574325,0.125,12.5,7026.7,83.8254138075083,2.91271432604751,0.972836747053393,0.0271632529466068,0,-0.375,0.140625,"TP_40°C,12.5%SOC"
TP_40C_75SOC,40,313.15,0.00319335781574325,0.75,75,12211,110.503393613047,2.75671006528925,0.919930915263794,0.0800690847362061,0,0.25,0.0625,"TP_40°C,75%SOC"
TP_0C_50SOC,0,273.15,0.00366099212886692,0.5,50,0,0,3.00315379838508,1,0,0,0,0,"TP_0°C,50%SOC"
TP_0C_50SOC,0,273.15,0.00366099212886692,0.5,50,160.33,12.6621483169326,2.99843337747104,0.998428178764411,0.00157182123558852,0,0,0,"TP_0°C,50%SOC"
TP_25C_0SOC,25,298.15,0.00335401643468053,0,0,0,0,2.99596759106016,1,0,0,-0.5,0.25,"TP_25°C,0%SOC"
TP_40C_0SOC,40,313.15,0.00319335781574325,0,0,5753.1,75.8491924808696,2.95902279454768,0.988053557682543,0.0119464423174569,0,-0.5,0.25,"TP_40°C,0%SOC"
TP_25C_100SOC,25,298.15,0.00335401643468053,1,100,20163,141.996478829582,2.67243273404129,0.892134114537836,0.107865885462164,0,0.5,0.25,"TP_25°C,100%SOC"
TP_40C_12SOC,40,313.15,0.00319335781574325,0.125,12.5,3872.7,62.2310212032552,2.94295478130857,0.982936956971852,0.0170630430281475,0,-0.375,0.140625,"TP_40°C,12.5%SOC"
TP_40C_75SOC,40,313.15,0.00319335781574325,0.75,75,708.11,26.6103363375963,2.9252483731525,0.976173173657907,0.023826826342093,0,0.25,0.0625,"TP_40°C,75%SOC"
TP_25C_0SOC,25,298.15,0.00335401643468053,0,0,2579.2,50.7858247939324,2.98372051087346,0.995912145303826,0.00408785469617401,0,-0.5,0.25,"TP_25°C,0%SOC"
TP_25C_0SOC,25,298.15,0.00335401643468053,0,0,11575,107.58717395675,2.95570116737193,0.986559793300707,0.0134402066992926,0,-0.5,0.25,"TP_25°C,0%SOC"
TP_0C_50SOC,0,273.15,0.00366099212886692,0.5,50,5118.6,71.5443918137543,2.97279959692411,0.989892558457282,0.0101074415427185,0,0,0,"TP_0°C,50%SOC"
TP_40C_38SOC,40,313.15,0.00319335781574325,0.375,37.5,408.99,20.2235011805572,2.96345211573732,0.990230555954165,0.00976944404583469,0,-0.125,0.015625,"TP_40°C,37.5%SOC"
TP_25C_50SOC,25,298.15,0.00335401643468053,0.5,50,5118.6,71.5443918137543,2.92901314245862,0.978583229707994,0.0214167702920062,0,0,0,"TP_25°C,50%SOC"
TP_40C_100SOC,40,313.15,0.00319335781574325,1,100,12844,113.331372532058,2.68731804834882,0.897706505348969,0.102293494651031,0,0.5,0.25,"TP_40°C,100%SOC"
TP_40C_0SOC,40,313.15,0.00319335781574325,0,0,9665.8,98.3148005134527,2.93767028290526,0.980923695373734,0.0190763046262656,0,-0.5,0.25,"TP_40°C,0%SOC"
TP_25C_50SOC,25,298.15,0.00335401643468053,0.5,50,1009.1,31.7663343809134,2.96376912979603,0.990195204351366,0.00980479564863412,0,0,0,"TP_25°C,50%SOC"
TP_25C_100SOC,25,298.15,0.00335401643468053,1,100,12844,113.331372532058,2.72429189980375,0.909446180184554,0.0905538198154455,0,0.5,0.25,"TP_25°C,100%SOC"
TP_40C_100SOC,40,313.15,0.00319335781574325,1,100,14119,118.823398369176,2.67455066247168,0.893441522510316,0.106558477489684,0,0.5,0.25,"TP_40°C,100%SOC"
TP_40C_0SOC,40,313.15,0.00319335781574325,0,0,708.11,26.6103363375963,2.99502206116749,1.00007414891395,0,0,-0.5,0.25,"TP_40°C,0%SOC"
TP_25C_50SOC,25,298.15,0.00335401643468053,0.5,50,19190,138.527975513973,2.86082298306574,0.955800898879333,0.0441991011206668,0,0,0,"TP_25°C,50%SOC"
TP_40C_100SOC,40,313.15,0.00319335781574325,1,100,0,0,2.99353745610228,1,0,0,0.5,0.25,"TP_40°C,100%SOC"
TP_40C_0SOC,40,313.15,0.00319335781574325,0,0,160.33,12.6621483169326,3.0011,1.00210364632029,0,0,-0.5,0.25,"TP_40°C,0%SOC"
TP_40C_12SOC,40,313.15,0.00319335781574325,0.125,12.5,160.33,12.6621483169326,3.00065842053856,1.00220977757758,0,0,-0.375,0.140625,"TP_40°C,12.5%SOC"
TP_40C_50SOC,40,313.15,0.00319335781574325,0.5,50,0,0,2.98963756864357,1,0,0,0,0,"TP_40°C,50%SOC"
TP_25C_100SOC,25,298.15,0.00335401643468053,1,100,10939,104.589674442557,2.74326559795092,0.915780140691929,0.0842198593080706,0,0.5,0.25,"TP_25°C,100%SOC"
TP_40C_38SOC,40,313.15,0.00319335781574325,0.375,37.5,13481,116.10770861575,2.77892760931277,0.928572126039401,0.0714278739605991,0,-0.125,0.015625,"TP_40°C,37.5%SOC"
TP_25C_50SOC,25,298.15,0.00335401643468053,0.5,50,11575,107.58717395675,2.89196664088605,0.966205994306504,0.0337940056934959,0,0,0,"TP_25°C,50%SOC"
TP_40C_0SOC,40,313.15,0.00319335781574325,0,0,17001,130.387882872604,2.9068539654713,0.97063375366345,0.0293662463365501,0,-0.5,0.25,"TP_40°C,0%SOC"
TP_0C_50SOC,0,273.15,0.00366099212886692,0.5,50,17001,130.387882872604,2.93987122769142,0.978927962088492,0.0210720379115081,0,0,0,"TP_0°C,50%SOC"
TP_40C_12SOC,40,313.15,0.00319335781574325,0.125,12.5,0,0,2.99404225310133,1,0,0,-0.375,0.140625,"TP_40°C,12.5%SOC"
TP_40C_38SOC,40,313.15,0.00319335781574325,0.375,37.5,7026.7,83.8254138075083,2.84524870714164,0.950733164925711,0.0492668350742891,0,-0.125,0.015625,"TP_40°C,37.5%SOC"
TP_25C_0SOC,25,298.15,0.00335401643468053,0,0,5118.6,71.5443918137543,2.97465948771311,0.992887739036085,0.0071122609639146,0,-0.5,0.25,"TP_25°C,0%SOC"
TP_25C_50SOC,25,298.15,0.00335401643468053,0.5,50,17001,130.387882872604,2.86825504037541,0.958283949071237,0.0417160509287626,0,0,0,"TP_25°C,50%SOC"
TP_40C_38SOC,40,313.15,0.00319335781574325,0.375,37.5,15811,125.741798937346,2.75807913253349,0.921605656548529,0.0783943434514711,0,-0.125,0.015625,"TP_40°C,37.5%SOC"
TP_40C_12SOC,40,313.15,0.00319335781574325,0.125,12.5,5118.6,71.5443918137543,2.93062461836519,0.97881872419454,0.0211812758054599,0,-0.375,0.140625,"TP_40°C,12.5%SOC"
TP_25C_0SOC,25,298.15,0.00335401643468053,0,0,7026.7,83.8254138075083,2.96915371899428,0.991050012641695,0.0089499873583051,0,-0.5,0.25,"TP_25°C,0%SOC"
TP_40C_75SOC,40,313.15,0.00319335781574325,0.75,75,7026.7,83.8254138075083,2.80704420514774,0.936727723869844,0.0632722761301556,0,0.25,0.0625,"TP_40°C,75%SOC"
TP_40C_75SOC,40,313.15,0.00319335781574325,0.75,75,11575,107.58717395675,2.76309607460062,0.922061965411092,0.0779380345889085,0,0.25,0.0625,"TP_40°C,75%SOC"
TP_25C_50SOC,25,298.15,0.00335401643468053,0.5,50,13481,116.10770861575,2.88399656395725,0.963543191771088,0.0364568082289122,0,0,0,"TP_25°C,50%SOC"
TP_40C_25SOC,40,313.15,0.00319335781574325,0.25,25,15811,125.741798937346,2.80154470550731,0.93412448960738,0.0658755103926201,0,-0.25,0.0625,"TP_40°C,25%SOC"
TP_25C_100SOC,25,298.15,0.00335401643468053,1,100,14119,118.823398369176,2.7109830279297,0.905003299930316,0.0949967000696843,0,0.5,0.25,"TP_25°C,100%SOC"
TP_0C_50SOC,0,273.15,0.00366099212886692,0.5,50,1009.1,31.7663343809134,2.98942405264463,0.99542822423952,0.00457177576047985,0,0,0,"TP_0°C,50%SOC"
TP_0C_50SOC,0,273.15,0.00366099212886692,0.5,50,2579.2,50.7858247939324,2.98162262399036,0.99283047894307,0.00716952105692958,0,0,0,"TP_0°C,50%SOC"
TP_40C_88SOC,40,313.15,0.00319335781574325,0.875,87.5,8300.1,91.1048846110899,2.73756212836943,0.914595872838594,0.0854041271614058,0,0.375,0.140625,"TP_40°C,87.5%SOC"
TP_40C_25SOC,40,313.15,0.00319335781574325,0.25,25,3872.7,62.2310212032552,2.91818687239569,0.973016713742556,0.0269832862574438,0,-0.25,0.0625,"TP_40°C,25%SOC"
TP_40C_12SOC,40,313.15,0.00319335781574325,0.125,12.5,14119,118.823398369176,2.85396060159898,0.953213201531392,0.0467867984686084,0,-0.375,0.140625,"TP_40°C,12.5%SOC"
TP_25C_50SOC,25,298.15,0.00335401643468053,0.5,50,12844,113.331372532058,2.88676699536235,0.964468792845657,0.0355312071543429,0,0,0,"TP_25°C,50%SOC"
TP_0C_50SOC,0,273.15,0.00366099212886692,0.5,50,276.98,16.6427161244792,2.99791915984479,0.998256952892954,0.00174304710704631,0,0,0,"TP_0°C,50%SOC"
TP_0C_50SOC,0,273.15,0.00366099212886692,0.5,50,11575,107.58717395675,2.95346787385952,0.983455417916898,0.0165445820831015,0,0,0,"TP_0°C,50%SOC"
TP_25C_100SOC,25,298.15,0.00335401643468053,1,100,0,0,2.99555043405747,1,0,0,0.5,0.25,"TP_25°C,100%SOC"
TP_0C_50SOC,0,273.15,0.00366099212886692,0.5,50,19190,138.527975513973,2.93643606940798,0.97778411181839,0.0222158881816099,0,0,0,"TP_0°C,50%SOC"
TP_25C_100SOC,25,298.15,0.00335401643468053,1,100,9031.6,95.0347304936464,2.76979493787247,0.924636389486785,0.0753636105132153,0,0.5,0.25,"TP_25°C,100%SOC"
TP_40C_12SOC,40,313.15,0.00319335781574325,0.125,12.5,15811,125.741798937346,2.83811269792865,0.947920055232633,0.0520799447673669,0,-0.375,0.140625,"TP_40°C,12.5%SOC"
TP_25C_50SOC,25,298.15,0.00335401643468053,0.5,50,408.99,20.2235011805572,2.98078147099219,0.995879027189613,0.00412097281038692,0,0,0,"TP_25°C,50%SOC"
TP_40C_75SOC,40,313.15,0.00319335781574325,0.75,75,4483,66.9552089086428,2.84202763699416,0.948401907848336,0.0515980921516642,0,0.25,0.0625,"TP_40°C,75%SOC"
TP_40C_88SOC,40,313.15,0.00319335781574325,0.875,87.5,4483,66.9552089086428,2.7954192962979,0.933925453144056,0.0660745468559438,0,0.375,0.140625,"TP_40°C,87.5%SOC"
TP_40C_88SOC,40,313.15,0.00319335781574325,0.875,87.5,1009.1,31.7663343809134,2.88361983752251,0.96339249250371,0.0366075074962904,0,0.375,0.140625,"TP_40°C,87.5%SOC"
TP_40C_0SOC,40,313.15,0.00319335781574325,0,0,5118.6,71.5443918137543,2.96279576093274,0.98931339686548,0.0106866031345199,0,-0.5,0.25,"TP_40°C,0%SOC"
TP_40C_38SOC,40,313.15,0.00319335781574325,0.375,37.5,5753.1,75.8491924808696,2.86135126238592,0.956113795895636,0.0438862041043641,0,-0.125,0.015625,"TP_40°C,37.5%SOC"
TP_25C_50SOC,25,298.15,0.00335401643468053,0.5,50,7663.4,87.5408476084165,2.91445668426592,0.973719917329899,0.0262800826701011,0,0,0,"TP_25°C,50%SOC"
TP_25C_100SOC,25,298.15,0.00335401643468053,1,100,160.33,12.6621483169326,2.96357549568905,0.989325855440494,0.010674144559506,0,0.5,0.25,"TP_25°C,100%SOC"
TP_25C_0SOC,25,298.15,0.00335401643468053,0,0,3872.7,62.2310212032552,2.97884074853484,0.994283368559651,0.00571663144034873,0,-0.5,0.25,"TP_25°C,0%SOC"
TP_40C_100SOC,40,313.15,0.00319335781574325,1,100,14695,121.22293512368,2.66883439703043,0.891531987211335,0.108468012788665,0,0.5,0.25,"TP_40°C,100%SOC"
TP_40C_88SOC,40,313.15,0.00319335781574325,0.875,87.5,9031.6,95.0347304936464,2.72936820319926,0.911858353180018,0.0881416468199822,0,0.375,0.140625,"TP_40°C,87.5%SOC"
TP_25C_0SOC,25,298.15,0.00335401643468053,0,0,20163,141.996478829582,2.93753353572979,0.980495765206294,0.0195042347937057,0,-0.5,0.25,"TP_25°C,0%SOC"
TP_25C_50SOC,25,298.15,0.00335401643468053,0.5,50,6388.1,79.9255903950668,2.91847475558928,0.975062354875096,0.0249376451249045,0,0,0,"TP_25°C,50%SOC"
TP_40C_25SOC,40,313.15,0.00319335781574325,0.25,25,11575,107.58717395675,2.83877939442901,0.946539724215737,0.0534602757842635,0,-0.25,0.0625,"TP_40°C,25%SOC"
TP_40C_100SOC,40,313.15,0.00319335781574325,1,100,1009.1,31.7663343809134,2.8873520139535,0.964528440446829,0.0354715595531709,0,0.5,0.25,"TP_40°C,100%SOC"
TP_40C_75SOC,40,313.15,0.00319335781574325,0.75,75,17001,130.387882872604,2.71200534159001,0.905012677068533,0.0949873229314665,0,0.25,0.0625,"TP_40°C,75%SOC"
TP_40C_0SOC,40,313.15,0.00319335781574325,0,0,14119,118.823398369176,2.92006944108881,0.975046561068789,0.0249534389312107,0,-0.5,0.25,"TP_40°C,0%SOC"
TP_40C_100SOC,40,313.15,0.00319335781574325,1,100,1285.6,35.8552646064703,2.87435675384775,0.960187335551262,0.0398126644487383,0,0.5,0.25,"TP_40°C,100%SOC"
TP_40C_88SOC,40,313.15,0.00319335781574325,0.875,87.5,15811,125.741798937346,2.6560721728172,0.88737078221745,0.11262921778255,0,0.375,0.140625,"TP_40°C,87.5%SOC"
TP_40C_50SOC,40,313.15,0.00319335781574325,0.5,50,160.33,12.6621483169326,2.98246573057286,0.997601101168272,0.00239889883172828,0,0,0,"TP_40°C,50%SOC"
TP_25C_0SOC,25,298.15,0.00335401643468053,0,0,6388.1,79.9255903950668,2.97420827575053,0.992737132612996,0.00726286738700355,0,-0.5,0.25,"TP_25°C,0%SOC"
TP_25C_0SOC,25,298.15,0.00335401643468053,0,0,15811,125.741798937346,2.94372717594288,0.982563090711274,0.0174369092887264,0,-0.5,0.25,"TP_25°C,0%SOC"
TP_40C_25SOC,40,313.15,0.00319335781574325,0.25,25,3286.7,57.3297479499082,2.92582391474432,0.975563147598136,0.024436852401864,0,-0.25,0.0625,"TP_40°C,25%SOC"
TP_40C_25SOC,40,313.15,0.00319335781574325,0.25,25,21241,145.742924356553,2.76084177847413,0.920552833632855,0.0794471663671446,0,-0.25,0.0625,"TP_40°C,25%SOC"
TP_25C_50SOC,25,298.15,0.00335401643468053,0.5,50,9665.8,98.3148005134527,2.90264618242107,0.969774028910257,0.0302259710897427,0,0,0,"TP_25°C,50%SOC"
TP_0C_50SOC,0,273.15,0.00366099212886692,0.5,50,3286.7,57.3297479499082,2.97945910701932,0.992110063967253,0.00788993603274724,0,0,0,"TP_0°C,50%SOC"
TP_40C_100SOC,40,313.15,0.00319335781574325,1,100,21241,145.742924356553,2.5861176330101,0.863900208677309,0.136099791322691,0,0.5,0.25,"TP_40°C,100%SOC"
TP_40C_0SOC,40,313.15,0.00319335781574325,0,0,1285.6,35.8552646064703,2.98700127632553,0.99739591168877,0.0026040883112296,0,-0.5,0.25,"TP_40°C,0%SOC"
TP_40C_12SOC,40,313.15,0.00319335781574325,0.125,12.5,9665.8,98.3148005134527,2.88847994468534,0.964742545531331,0.0352574544686686,0,-0.375,0.140625,"TP_40°C,12.5%SOC"
TP_40C_75SOC,40,313.15,0.00319335781574325,0.75,75,15148,123.077211538123,2.72867605175841,0.910575794443993,0.0894242055560074,0,0.25,0.0625,"TP_40°C,75%SOC"
TP_40C_50SOC,40,313.15,0.00319335781574325,0.5,50,9665.8,98.3148005134527,2.81525729814096,0.94167176906941,0.0583282309305901,0,0,0,"TP_40°C,50%SOC"
TP_40C_25SOC,40,313.15,0.00319335781574325,0.25,25,12211,110.503393613047,2.83308175738204,0.944639950034726,0.0553600499652738,0,-0.25,0.0625,"TP_40°C,25%SOC"
TP_40C_12SOC,40,313.15,0.00319335781574325,0.125,12.5,14695,121.22293512368,2.84883424129114,0.951501014503126,0.0484989854968741,0,-0.375,0.140625,"TP_40°C,12.5%SOC"
TP_40C_75SOC,40,313.15,0.00319335781574325,0.75,75,160.33,12.6621483169326,2.96122550526002,0.988178961457272,0.0118210385427276,0,0.25,0.0625,"TP_40°C,75%SOC"
TP_40C_0SOC,40,313.15,0.00319335781574325,0,0,12211,110.503393613047,2.92802764702082,0.977703902437832,0.0222960975621678,0,-0.5,0.25,"TP_40°C,0%SOC"
TP_40C_50SOC,40,313.15,0.00319335781574325,0.5,50,18239,135.051841897843,2.73769362138802,0.915727595244978,0.0842724047550218,0,0,0,"TP_40°C,50%SOC"
TP_25C_0SOC,25,298.15,0.00335401643468053,0,0,4483,66.9552089086428,2.97628191902321,0.993429277374131,0.00657072262586922,0,-0.5,0.25,"TP_25°C,0%SOC"
TP_40C_88SOC,40,313.15,0.00319335781574325,0.875,87.5,1945,44.1021541423999,2.85103232036458,0.952505284359706,0.0474947156402939,0,0.375,0.140625,"TP_40°C,87.5%SOC"
TP_40C_12SOC,40,313.15,0.00319335781574325,0.125,12.5,408.99,20.2235011805572,2.99271617642372,0.999557094868572,0.000442905131427751,0,-0.375,0.140625,"TP_40°C,12.5%SOC"
TP_40C_50SOC,40,313.15,0.00319335781574325,0.5,50,7026.7,83.8254138075083,2.8450704886893,0.951643944580258,0.0483560554197416,0,0,0,"TP_40°C,50%SOC"
TP_40C_38SOC,40,313.15,0.00319335781574325,0.375,37.5,11575,107.58717395675,2.79756307758489,0.934799123941466,0.0652008760585338,0,-0.125,0.015625,"TP_40°C,37.5%SOC"
TP_25C_100SOC,25,298.15,0.00335401643468053,1,100,11575,107.58717395675,2.73677113620812,0.913612104504335,0.0863878954956648,0,0.5,0.25,"TP_25°C,100%SOC"
TP_40C_75SOC,40,313.15,0.00319335781574325,0.75,75,14695,121.22293512368,2.73024997037619,0.911101020659414,0.0888989793405863,0,0.25,0.0625,"TP_40°C,75%SOC"
TP_25C_50SOC,25,298.15,0.00335401643468053,0.5,50,4483,66.9552089086428,2.93261861901375,0.979787819349744,0.020212180650256,0,0,0,"TP_25°C,50%SOC"
TP_40C_38SOC,40,313.15,0.00319335781574325,0.375,37.5,21241,145.742924356553,2.71544149645906,0.90735839071611,0.0926416092838902,0,-0.125,0.015625,"TP_40°C,37.5%SOC"
TP_25C_50SOC,25,298.15,0.00335401643468053,0.5,50,1285.6,35.8552646064703,2.9587201521966,0.98850834104087,0.0114916589591301,0,0,0,"TP_25°C,50%SOC"
TP_25C_100SOC,25,298.15,0.00335401643468053,1,100,5753.1,75.8491924808696,2.81754468296066,0.940576613542206,0.0594233864577942,0,0.5,0.25,"TP_25°C,100%SOC"
TP_40C_12SOC,40,313.15,0.00319335781574325,0.125,12.5,11575,107.58717395675,2.87325162667446,0.959656338750146,0.0403436612498541,0,-0.375,0.140625,"TP_40°C,12.5%SOC"
TP_40C_75SOC,40,313.15,0.00319335781574325,0.75,75,20163,141.996478829582,2.68755102520883,0.896852122959508,0.103147877040492,0,0.25,0.0625,"TP_40°C,75%SOC"
TP_0C_50SOC,0,273.15,0.00366099212886692,0.5,50,708.11,26.6103363375963,2.99302360604556,0.996626815334943,0.00337318466505698,0,0,0,"TP_0°C,50%SOC"
TP_40C_50SOC,40,313.15,0.00319335781574325,0.5,50,6388.1,79.9255903950668,2.85206209166006,0.953982556806734,0.0460174431932662,0,0,0,"TP_40°C,50%SOC"
TP_40C_38SOC,40,313.15,0.00319335781574325,0.375,37.5,7663.4,87.5408476084165,2.83809573734448,0.948343016888106,0.0516569831118938,0,-0.125,0.015625,"TP_40°C,37.5%SOC"
TP_0C_50SOC,0,273.15,0.00366099212886692,0.5,50,13481,116.10770861575,2.94888420871833,0.981929134067015,0.0180708659329846,0,0,0,"TP_0°C,50%SOC"
TP_40C_88SOC,40,313.15,0.00319335781574325,0.875,87.5,14695,121.22293512368,2.666180857543,0.890748006512831,0.109251993487169,0,0.375,0.140625,"TP_40°C,87.5%SOC"
TP_40C_88SOC,40,313.15,0.00319335781574325,0.875,87.5,7663.4,87.5408476084165,2.74491559967219,0.917052604115976,0.0829473958840239,0,0.375,0.140625,"TP_40°C,87.5%SOC"
TP_0C_50SOC,0,273.15,0.00366099212886692,0.5,50,3872.7,62.2310212032552,2.97723338949598,0.991368937247557,0.0086310627524433,0,0,0,"TP_0°C,50%SOC"
TP_40C_50SOC,40,313.15,0.00319335781574325,0.5,50,20163,141.996478829582,2.72229971786528,0.910578508384351,0.0894214916156489,0,0,0,"TP_40°C,50%SOC"
TP_40C_25SOC,40,313.15,0.00319335781574325,0.25,25,14695,121.22293512368,2.81216044323106,0.937664115644227,0.0623358843557734,0,-0.25,0.0625,"TP_40°C,25%SOC"
TP_25C_100SOC,25,298.15,0.00335401643468053,1,100,1009.1,31.7663343809134,2.91518615352019,0.973172115674104,0.0268278843258956,0,0.5,0.25,"TP_25°C,100%SOC"
TP_40C_50SOC,40,313.15,0.00319335781574325,0.5,50,5118.6,71.5443918137543,2.86967977215158,0.959875471946783,0.0401245280532169,0,0,0,"TP_40°C,50%SOC"
TP_40C_50SOC,40,313.15,0.00319335781574325,0.5,50,3286.7,57.3297479499082,2.89622595209746,0.968754869310633,0.0312451306893672,0,0,0,"TP_40°C,50%SOC"
TP_25C_50SOC,25,298.15,0.00335401643468053,0.5,50,21241,145.742924356553,2.85160038816165,0.952719630114538,0.0472803698854622,0,0,0,"TP_25°C,50%SOC"
TP_40C_50SOC,40,313.15,0.00319335781574325,0.5,50,4483,66.9552089086428,2.87829752999192,0.962758014610391,0.037241985389609,0,0,0,"TP_40°C,50%SOC"
TP_40C_12SOC,40,313.15,0.00319335781574325,0.125,12.5,3286.7,57.3297479499082,2.94958876741385,0.985152685924378,0.0148473140756225,0,-0.375,0.140625,"TP_40°C,12.5%SOC"
TP_25C_100SOC,25,298.15,0.00335401643468053,1,100,4483,66.9552089086428,2.84221363711539,0.948811812614223,0.0511881873857772,0,0.5,0.25,"TP_25°C,100%SOC"
TP_40C_88SOC,40,313.15,0.00319335781574325,0.875,87.5,12844,113.331372532058,2.68478596398507,0.89696381195129,0.10303618804871,0,0.375,0.140625,"TP_40°C,87.5%SOC"
TP_0C_50SOC,0,273.15,0.00366099212886692,0.5,50,14695,121.22293512368,2.94440109599324,0.980436332490386,0.0195636675096139,0,0,0,"TP_0°C,50%SOC"
TP_25C_50SOC,25,298.15,0.00335401643468053,0.5,50,12211,110.503393613047,2.88960681333003,0.965417575969335,0.0345824240306651,0,0,0,"TP_25°C,50%SOC"
TP_40C_25SOC,40,313.15,0.00319335781574325,0.25,25,7663.4,87.5408476084165,2.87692671312928,0.959259258742789,0.0407407412572115,0,-0.25,0.0625,"TP_40°C,25%SOC"
TP_40C_12SOC,40,313.15,0.00319335781574325,0.125,12.5,1945,44.1021541423999,2.96540058932612,0.990433781037812,0.0095662189621879,0,-0.375,0.140625,"TP_40°C,12.5%SOC"
TP_25C_50SOC,25,298.15,0.00335401643468053,0.5,50,15148,123.077211538123,2.874207771905,0.96027275655092,0.0397272434490799,0,0,0,"TP_25°C,50%SOC"
TP_40C_50SOC,40,313.15,0.00319335781574325,0.5,50,10939,104.589674442557,2.80236478854221,0.937359370224155,0.0626406297758453,0,0,0,"TP_40°C,50%SOC"
TP_40C_88SOC,40,313.15,0.00319335781574325,0.875,87.5,408.99,20.2235011805572,2.91755299035328,0.974729265908706,0.0252707340912941,0,0.375,0.140625,"TP_40°C,87.5%SOC"
TP_25C_100SOC,25,298.15,0.00335401643468053,1,100,9665.8,98.3148005134527,2.76087888231205,0.921659956354813,0.0783400436451867,0,0.5,0.25,"TP_25°C,100%SOC"
TP_25C_50SOC,25,298.15,0.00335401643468053,0.5,50,3872.7,62.2310212032552,2.93702092742419,0.981258630497707,0.0187413695022928,0,0,0,"TP_25°C,50%SOC"
TP_40C_25SOC,40,313.15,0.00319335781574325,0.25,25,7026.7,83.8254138075083,2.88192250118991,0.960925014053831,0.0390749859461688,0,-0.25,0.0625,"TP_40°C,25%SOC"
TP_40C_0SOC,40,313.15,0.00319335781574325,0,0,9031.6,95.0347304936464,2.93929676500226,0.981466797449666,0.018533202550334,0,-0.5,0.25,"TP_40°C,0%SOC"
TP_0C_50SOC,0,273.15,0.00366099212886692,0.5,50,5753.1,75.8491924808696,2.97039469081612,0.989091764935057,0.0109082350649427,0,0,0,"TP_0°C,50%SOC"
TP_40C_38SOC,40,313.15,0.00319335781574325,0.375,37.5,5118.6,71.5443918137543,2.86973722164979,0.958915944464183,0.0410840555358172,0,-0.125,0.015625,"TP_40°C,37.5%SOC"
TP_40C_25SOC,40,313.15,0.00319335781574325,0.25,25,708.11,26.6103363375963,2.97019289844463,0.990357183963851,0.00964281603614947,0,-0.25,0.0625,"TP_40°C,25%SOC"
TP_25C_50SOC,25,298.15,0.00335401643468053,0.5,50,8300.1,91.1048846110899,2.9121334183245,0.972943714227404,0.0270562857725962,0,0,0,"TP_25°C,50%SOC"
TP_0C_50SOC,0,273.15,0.00366099212886692,0.5,50,20163,141.996478829582,2.92422758951522,0.973718892148547,0.0262811078514533,0,0,0,"TP_0°C,50%SOC"
TP_40C_38SOC,40,313.15,0.00319335781574325,0.375,37.5,160.33,12.6621483169326,2.97989014715114,0.995723285497274,0.00427671450272582,0,-0.125,0.015625,"TP_40°C,37.5%SOC"
TP_25C_100SOC,25,298.15,0.00335401643468053,1,100,5118.6,71.5443918137543,2.82998383244879,0.944729155708315,0.0552708442916852,0,0.5,0.25,"TP_25°C,100%SOC"
TP_0C_50SOC,0,273.15,0.00366099212886692,0.5,50,408.99,20.2235011805572,2.99558409556572,0.997479415531955,0.00252058446804515,0,0,0,"TP_0°C,50%SOC"
TP_40C_0SOC,40,313.15,0.00319335781574325,0,0,21241,145.742924356553,2.88850751588701,0.964507651892283,0.0354923481077167,0,-0.5,0.25,"TP_40°C,0%SOC"
TP_40C_38SOC,40,313.15,0.00319335781574325,0.375,37.5,1945,44.1021541423999,2.91968527853025,0.975605970218577,0.0243940297814235,0,-0.125,0.015625,"TP_40°C,37.5%SOC"
TP_40C_0SOC,40,313.15,0.00319335781574325,0,0,3286.7,57.3297479499082,2.97400102997084,0.993054971941645,0.00694502805835451,0,-0.5,0.25,"TP_40°C,0%SOC"
TP_25C_50SOC,25,298.15,0.00335401643468053,0.5,50,0,0,2.99311602073196,1,0,0,0,0,"TP_25°C,50%SOC"
TP_40C_38SOC,40,313.15,0.00319335781574325,0.375,37.5,2579.2,50.7858247939324,2.90786917299756,0.971657646340248,0.0283423536597519,0,-0.125,0.015625,"TP_40°C,37.5%SOC"
TP_40C_25SOC,40,313.15,0.00319335781574325,0.25,25,15148,123.077211538123,2.80504648659831,0.935292095274324,0.0647079047256761,0,-0.25,0.0625,"TP_40°C,25%SOC"
TP_25C_0SOC,25,298.15,0.00335401643468053,0,0,7663.4,87.5408476084165,2.96716279236208,0.990385477204749,0.00961452279525066,0,-0.5,0.25,"TP_25°C,0%SOC"
TP_40C_50SOC,40,313.15,0.00319335781574325,0.5,50,21241,145.742924356553,2.7132491293603,0.907551188752063,0.0924488112479368,0,0,0,"TP_40°C,50%SOC"
TP_0C_50SOC,0,273.15,0.00366099212886692,0.5,50,21241,145.742924356553,2.920124538008,0.972352644602575,0.0276473553974254,0,0,0,"TP_0°C,50%SOC"
TP_40C_100SOC,40,313.15,0.00319335781574325,1,100,10939,104.589674442557,2.70902111807689,0.904956479684125,0.095043520315875,0,0.5,0.25,"TP_40°C,100%SOC"
TP_40C_38SOC,40,313.15,0.00319335781574325,0.375,37.5,14119,118.823398369176,2.7732502850305,0.926675061480635,0.0733249385193647,0,-0.125,0.015625,"TP_40°C,37.5%SOC"
TP_40C_88SOC,40,313.15,0.00319335781574325,0.875,87.5,14119,118.823398369176,2.67214762660159,0.89274145254228,0.10725854745772,0,0.375,0.140625,"TP_40°C,87.5%SOC"
TP_40C_38SOC,40,313.15,0.00319335781574325,0.375,37.5,19190,138.527975513973,2.73150522253323,0.912726047010149,0.0872739529898511,0,-0.125,0.015625,"TP_40°C,37.5%SOC"
TP_40C_0SOC,40,313.15,0.00319335781574325,0,0,20163,141.996478829582,2.89667329249514,0.967234303624663,0.0327656963753373,0,-0.5,0.25,"TP_40°C,0%SOC"
TP_40C_12SOC,40,313.15,0.00319335781574325,0.125,12.5,18239,135.051841897843,2.82222944950146,0.942615103904462,0.0573848960955379,0,-0.375,0.140625,"TP_40°C,12.5%SOC"
TP_25C_100SOC,25,298.15,0.00335401643468053,1,100,3286.7,57.3297479499082,2.86439043770762,0.956215059890615,0.0437849401093855,0,0.5,0.25,"TP_25°C,100%SOC"
TP_40C_100SOC,40,313.15,0.00319335781574325,1,100,19190,138.527975513973,2.60015739436624,0.868590232290516,0.131409767709484,0,0.5,0.25,"TP_40°C,100%SOC"
TP_40C_12SOC,40,313.15,0.00319335781574325,0.125,12.5,21241,145.742924356553,2.79920026653544,0.934923434576093,0.0650765654239068,0,-0.375,0.140625,"TP_40°C,12.5%SOC"
TP_40C_88SOC,40,313.15,0.00319335781574325,0.875,87.5,6388.1,79.9255903950668,2.76482340692044,0.923703630647148,0.0762963693528522,0,0.375,0.140625,"TP_40°C,87.5%SOC"
TP_40C_50SOC,40,313.15,0.00319335781574325,0.5,50,17001,130.387882872604,2.74719228674489,0.918904791523382,0.0810952084766181,0,0,0,"TP_40°C,50%SOC"
TP_40C_12SOC,40,313.15,0.00319335781574325,0.125,12.5,2579.2,50.7858247939324,2.95745541845676,0.98778012080268,0.01221987919732,0,-0.375,0.140625,"TP_40°C,12.5%SOC"
TP_40C_25SOC,40,313.15,0.00319335781574325,0.25,25,13481,116.10770861575,2.82234770873289,0.941060875356354,0.0589391246436457,0,-0.25,0.0625,"TP_40°C,25%SOC"
TP_40C_50SOC,40,313.15,0.00319335781574325,0.5,50,15148,123.077211538123,2.77112745687444,0.926910835593938,0.0730891644060623,0,0,0,"TP_40°C,50%SOC"
TP_40C_25SOC,40,313.15,0.00319335781574325,0.25,25,17001,130.387882872604,2.79338873826649,0.931405029617643,0.0685949703823567,0,-0.25,0.0625,"TP_40°C,25%SOC"
TP_40C_0SOC,40,313.15,0.00319335781574325,0,0,7026.7,83.8254138075083,2.95266203382302,0.985929622620215,0.014070377379785,0,-0.5,0.25,"TP_40°C,0%SOC"
TP_0C_50SOC,0,273.15,0.00366099212886692,0.5,50,6388.1,79.9255903950668,2.96768680521628,0.988190084308079,0.011809915691921,0,0,0,"TP_0°C,50%SOC"
TP_25C_0SOC,25,298.15,0.00335401643468053,0,0,1009.1,31.7663343809134,2.99258445219199,0.998870769203824,0.001129230796176,0,-0.5,0.25,"TP_25°C,0%SOC"
TP_40C_100SOC,40,313.15,0.00319335781574325,1,100,7026.7,83.8254138075083,2.7563519416635,0.920767480642248,0.0792325193577521,0,0.5,0.25,"TP_40°C,100%SOC"
TP_0C_50SOC,0,273.15,0.00366099212886692,0.5,50,7663.4,87.5408476084165,2.96500105659552,0.987295774924988,0.0127042250750117,0,0,0,"TP_0°C,50%SOC"
TP_25C_50SOC,25,298.15,0.00335401643468053,0.5,50,14695,121.22293512368,2.87848479916891,0.961701711270445,0.0382982887295552,0,0,0,"TP_25°C,50%SOC"
TP_40C_38SOC,40,313.15,0.00319335781574325,0.375,37.5,20163,141.996478829582,2.72411982457652,0.910258233649582,0.0897417663504176,0,-0.125,0.015625,"TP_40°C,37.5%SOC"
TP_0C_50SOC,0,273.15,0.00366099212886692,0.5,50,1285.6,35.8552646064703,2.98652927377801,0.994464311279692,0.00553568872030785,0,0,0,"TP_0°C,50%SOC"
TP_40C_25SOC,40,313.15,0.00319335781574325,0.25,25,160.33,12.6621483169326,2.99060839208556,0.997164361639769,0.00283563836023126,0,-0.25,0.0625,"TP_40°C,25%SOC"
TP_40C_50SOC,40,313.15,0.00319335781574325,0.5,50,7663.4,87.5408476084165,2.83774687033317,0.949194276957352,0.0508057230426477,0,0,0,"TP_40°C,50%SOC"
TP_40C_88SOC,40,313.15,0.00319335781574325,0.875,87.5,20163,141.996478829582,2.62212880495899,0.876030596059976,0.123969403940024,0,0.375,0.140625,"TP_40°C,87.5%SOC"
TP_40C_38SOC,40,313.15,0.00319335781574325,0.375,37.5,708.11,26.6103363375963,2.95190500360384,0.986372115587648,0.0136278844123516,0,-0.125,0.015625,"TP_40°C,37.5%SOC"
TP_25C_0SOC,25,298.15,0.00335401643468053,0,0,19190,138.527975513973,2.93902815468019,0.980994642081618,0.0190053579183818,0,-0.5,0.25,"TP_25°C,0%SOC"
TP_40C_50SOC,40,313.15,0.00319335781574325,0.5,50,10302,101.498768465435,2.80893840283054,0.939558169957365,0.0604418300426346,0,0,0,"TP_40°C,50%SOC"
TP_40C_75SOC,40,313.15,0.00319335781574325,0.75,75,9031.6,95.0347304936464,2.78787555027406,0.930331027153583,0.0696689728464168,0,0.25,0.0625,"TP_40°C,75%SOC"
TP_40C_12SOC,40,313.15,0.00319335781574325,0.125,12.5,1009.1,31.7663343809134,2.97978864751051,0.995239343874972,0.00476065612502807,0,-0.375,0.140625,"TP_40°C,12.5%SOC"
TP_40C_88SOC,40,313.15,0.00319335781574325,0.875,87.5,7026.7,83.8254138075083,2.75363527474813,0.919965772279103,0.0800342277208966,0,0.375,0.140625,"TP_40°C,87.5%SOC"
TP_40C_0SOC,40,313.15,0.00319335781574325,0,0,1945,44.1021541423999,2.98289513185394,0.996024820306511,0.00397517969348882,0,-0.5,0.25,"TP_40°C,0%SOC"
TP_40C_100SOC,40,313.15,0.00319335781574325,1,100,708.11,26.6103363375963,2.90327695258843,0.969848213079861,0.0301517869201386,0,0.5,0.25,"TP_40°C,100%SOC"
TP_25C_100SOC,25,298.15,0.00335401643468053,1,100,17001,130.387882872604,2.68914287214055,0.897712434271423,0.102287565728577,0,0.5,0.25,"TP_25°C,100%SOC"
TP_40C_0SOC,40,313.15,0.00319335781574325,0,0,2579.2,50.7858247939324,2.97826819307978,0.994479829397549,0.00552017060245091,0,-0.5,0.25,"TP_40°C,0%SOC"
TP_40C_50SOC,40,313.15,0.00319335781574325,0.5,50,8300.1,91.1048846110899,2.8320053196502,0.947273793102323,0.0527262068976774,0,0,0,"TP_40°C,50%SOC"
TP_25C_100SOC,25,298.15,0.00335401643468053,1,100,8300.1,91.1048846110899,2.7814245912565,0.928518698811912,0.071481301188088,0,0.5,0.25,"TP_25°C,100%SOC"
TP_40C_38SOC,40,313.15,0.00319335781574325,0.375,37.5,3286.7,57.3297479499082,2.89647227871794,0.967849400916363,0.0321505990836369,0,-0.125,0.015625,"TP_40°C,37.5%SOC"
TP_25C_100SOC,25,298.15,0.00335401643468053,1,100,408.99,20.2235011805572,2.94357205232571,0.982648136669375,0.0173518633306251,0,0.5,0.25,"TP_25°C,100%SOC"
TP_40C_100SOC,40,313.15,0.00319335781574325,1,100,4483,66.9552089086428,2.79732606134809,0.934455005948158,0.0655449940518419,0,0.5,0.25,"TP_40°C,100%SOC"
TP_40C_50SOC,40,313.15,0.00319335781574325,0.5,50,14119,118.823398369176,2.77225856618105,0.92728917888159,0.0727108211184098,0,0,0,"TP_40°C,50%SOC"
TP_40C_50SOC,40,313.15,0.00319335781574325,0.5,50,19190,138.527975513973,2.72992519971184,0.913129145935384,0.0868708540646164,0,0,0,"TP_40°C,50%SOC"
TP_40C_0SOC,40,313.15,0.00319335781574325,0,0,10302,101.498768465435,2.93584928913963,0.980315643495268,0.0196843565047315,0,-0.5,0.25,"TP_40°C,0%SOC"
TP_40C_12SOC,40,313.15,0.00319335781574325,0.125,12.5,6388.1,79.9255903950668,2.9175581661245,0.974454573278782,0.0255454267212178,0,-0.375,0.140625,"TP_40°C,12.5%SOC"
TP_40C_100SOC,40,313.15,0.00319335781574325,1,100,15811,125.741798937346,2.65784815047521,0.887861999206734,0.112138000793266,0,0.5,0.25,"TP_40°C,100%SOC"
TP_40C_25SOC,40,313.15,0.00319335781574325,0.25,25,9031.6,95.0347304936464,2.85962669322762,0.953490879523614,0.0465091204763856,0,-0.25,0.0625,"TP_40°C,25%SOC"
TP_40C_100SOC,40,313.15,0.00319335781574325,1,100,12211,110.503393613047,2.69496212510153,0.900260031691901,0.0997399683080994,0,0.5,0.25,"TP_40°C,100%SOC"
TP_40C_100SOC,40,313.15,0.00319335781574325,1,100,18239,135.051841897843,2.60768942034896,0.871106327743862,0.128893672256138,0,0.5,0.25,"TP_40°C,100%SOC"
TP_40C_50SOC,40,313.15,0.00319335781574325,0.5,50,12211,110.503393613047,2.78920391550237,0.932957206838908,0.0670427931610917,0,0,0,"TP_40°C,50%SOC"
TP_40C_0SOC,40,313.15,0.00319335781574325,0,0,18239,135.051841897843,2.90382736869431,0.969623136334416,0.0303768636655838,0,-0.5,0.25,"TP_40°C,0%SOC"
TP_40C_38SOC,40,313.15,0.00319335781574325,0.375,37.5,15148,123.077211538123,2.76504422374046,0.923933025397016,0.0760669746029843,0,-0.125,0.015625,"TP_40°C,37.5%SOC"
TP_0C_50SOC,0,273.15,0.00366099212886692,0.5,50,18239,135.051841897843,2.93764375519728,0.978186250992864,0.0218137490071363,0,0,0,"TP_0°C,50%SOC"
TP_40C_100SOC,40,313.15,0.00319335781574325,1,100,9031.6,95.0347304936464,2.73067152347033,0.912188861343257,0.0878111386567426,0,0.5,0.25,"TP_40°C,100%SOC"
TP_40C_0SOC,40,313.15,0.00319335781574325,0,0,276.98,16.6427161244792,3.0001,1.00176973420596,0,0,-0.5,0.25,"TP_40°C,0%SOC"
TP_40C_88SOC,40,313.15,0.00319335781574325,0.875,87.5,9665.8,98.3148005134527,2.72020701628137,0.908797679722208,0.0912023202777918,0,0.375,0.140625,"TP_40°C,87.5%SOC"
TP_40C_0SOC,40,313.15,0.00319335781574325,0,0,7663.4,87.5408476084165,2.94967149683911,0.984931046092931,0.0150689539070691,0,-0.5,0.25,"TP_40°C,0%SOC"
TP_40C_75SOC,40,313.15,0.00319335781574325,0.75,75,3286.7,57.3297479499082,2.86136501558144,0.954854908694013,0.0451450913059869,0,0.25,0.0625,"TP_40°C,75%SOC"
TP_0C_50SOC,0,273.15,0.00366099212886692,0.5,50,12844,113.331372532058,2.94995873451384,0.982286933190087,0.0177130668099134,0,0,0,"TP_0°C,50%SOC"
TP_40C_0SOC,40,313.15,0.00319335781574325,0,0,11575,107.58717395675,2.93041926241196,0.978502491789755,0.0214975082102445,0,-0.5,0.25,"TP_40°C,0%SOC"
TP_40C_100SOC,40,313.15,0.00319335781574325,1,100,11575,107.58717395675,2.70156453545954,0.902465586309081,0.0975344136909185,0,0.5,0.25,"TP_40°C,100%SOC"
TP_40C_38SOC,40,313.15,0.00319335781574325,0.375,37.5,10939,104.589674442557,2.80372976025677,0.9368597064554,0.0631402935445998,0,-0.125,0.015625,"TP_40°C,37.5%SOC"
TP_40C_12SOC,40,313.15,0.00319335781574325,0.125,12.5,20163,141.996478829582,2.80903370903091,0.938207771156609,0.0617922288433912,0,-0.375,0.140625,"TP_40°C,12.5%SOC"
TP_40C_75SOC,40,313.15,0.00319335781574325,0.75,75,8300.1,91.1048846110899,2.79331011984973,0.932144576074364,0.0678554239256361,0,0.25,0.0625,"TP_40°C,75%SOC"
TP_40C_25SOC,40,313.15,0.00319335781574325,0.25,25,1945,44.1021541423999,2.94506104690745,0.981977421919038,0.0180225780809624,0,-0.25,0.0625,"TP_40°C,25%SOC"
TP_40C_25SOC,40,313.15,0.00319335781574325,0.25,25,9665.8,98.3148005134527,2.8553396418788,0.952061439670213,0.0479385603297867,0,-0.25,0.0625,"TP_40°C,25%SOC"
TP_40C_25SOC,40,313.15,0.00319335781574325,0.25,25,2579.2,50.7858247939324,2.93518199360573,0.978683429999104,0.0213165700008957,0,-0.25,0.0625,"TP_40°C,25%SOC"
TP_25C_50SOC,25,298.15,0.00335401643468053,0.5,50,9031.6,95.0347304936464,2.90513937902036,0.970607005841997,0.029392994158003,0,0,0,"TP_25°C,50%SOC"
TP_40C_50SOC,40,313.15,0.00319335781574325,0.5,50,2579.2,50.7858247939324,2.90808062407934,0.972720123194989,0.0272798768050112,0,0,0,"TP_40°C,50%SOC"
TP_25C_0SOC,25,298.15,0.00335401643468053,0,0,13481,116.10770861575,2.95111811752761,0.98503005384091,0.0149699461590903,0,-0.5,0.25,"TP_25°C,0%SOC"
TP_40C_100SOC,40,313.15,0.00319335781574325,1,100,13481,116.10770861575,2.68103647244215,0.895608126424775,0.104391873575225,0,0.5,0.25,"TP_40°C,100%SOC"
TP_25C_100SOC,25,298.15,0.00335401643468053,1,100,1945,44.1021541423999,2.89470215617201,0.966333974304395,0.0336660256956052,0,0.5,0.25,"TP_25°C,100%SOC"
TP_40C_38SOC,40,313.15,0.00319335781574325,0.375,37.5,14695,121.22293512368,2.76716125368205,0.924640425973829,0.0753595740261707,0,-0.125,0.015625,"TP_40°C,37.5%SOC"
TP_40C_12SOC,40,313.15,0.00319335781574325,0.125,12.5,4483,66.9552089086428,2.93677553882467,0.980873110852948,0.0191268891470523,0,-0.375,0.140625,"TP_40°C,12.5%SOC"
TP_40C_100SOC,40,313.15,0.00319335781574325,1,100,1945,44.1021541423999,2.8535091778129,0.953223141402846,0.0467768585971539,0,0.5,0.25,"TP_40°C,100%SOC"
TP_40C_38SOC,40,313.15,0.00319335781574325,0.375,37.5,3872.7,62.2310212032552,2.88700738096908,0.964686727590167,0.0353132724098334,0,-0.125,0.015625,"TP_40°C,37.5%SOC"
TP_40C_0SOC,40,313.15,0.00319335781574325,0,0,1009.1,31.7663343809134,2.99091049212937,0.998701246203209,0.00129875379679112,0,-0.5,0.25,"TP_40°C,0%SOC"
TP_25C_0SOC,25,298.15,0.00335401643468053,0,0,14119,118.823398369176,2.94975208570381,0.984574097031538,0.0154259029684618,0,-0.5,0.25,"TP_25°C,0%SOC"
TP_25C_100SOC,25,298.15,0.00335401643468053,1,100,276.98,16.6427161244792,2.952967574041,0.985784629251329,0.0142153707486712,0,0.5,0.25,"TP_25°C,100%SOC"
TP_40C_75SOC,40,313.15,0.00319335781574325,0.75,75,10302,101.498768465435,2.77372172149623,0.925607808405981,0.0743921915940186,0,0.25,0.0625,"TP_40°C,75%SOC"
TP_40C_38SOC,40,313.15,0.00319335781574325,0.375,37.5,18239,135.051841897843,2.73897610386063,0.915222424438018,0.0847775755619815,0,-0.125,0.015625,"TP_40°C,37.5%SOC"
TP_40C_25SOC,40,313.15,0.00319335781574325,0.25,25,1285.6,35.8552646064703,2.95664488151565,0.985839842379368,0.0141601576206322,0,-0.25,0.0625,"TP_40°C,25%SOC"
TP_40C_100SOC,40,313.15,0.00319335781574325,1,100,15148,123.077211538123,2.66464728798699,0.890133271108784,0.109866728891216,0,0.5,0.25,"TP_40°C,100%SOC"
TP_40C_75SOC,40,313.15,0.00319335781574325,0.75,75,12844,113.331372532058,2.7508985784551,0.917991586761425,0.0820084132385751,0,0.25,0.0625,"TP_40°C,75%SOC"
TP_40C_75SOC,40,313.15,0.00319335781574325,0.75,75,21241,145.742924356553,2.67964535211691,0.894213951765954,0.105786048234046,0,0.25,0.0625,"TP_40°C,75%SOC"
TP_40C_88SOC,40,313.15,0.00319335781574325,0.875,87.5,10302,101.498768465435,2.7128119144608,0.906327040048235,0.0936729599517645,0,0.375,0.140625,"TP_40°C,87.5%SOC"
TP_40C_88SOC,40,313.15,0.00319335781574325,0.875,87.5,0,0,2.9931931792705,1,0,0,0.375,0.140625,"TP_40°C,87.5%SOC"
TP_25C_100SOC,25,298.15,0.00335401643468053,1,100,12211,110.503393613047,2.72915108152826,0.911068313355562,0.0889316866444383,0,0.5,0.25,"TP_25°C,100%SOC"
TP_40C_50SOC,40,313.15,0.00319335781574325,0.5,50,276.98,16.6427161244792,2.97447020062843,0.994926686708041,0.00507331329195926,0,0,0,"TP_40°C,50%SOC"
TP_25C_100SOC,25,298.15,0.00335401643468053,1,100,2579.2,50.7858247939324,2.87998004377818,0.961419314138287,0.0385806858617133,0,0.5,0.25,"TP_25°C,100%SOC"
TP_40C_88SOC,40,313.15,0.00319335781574325,0.875,87.5,19190,138.527975513973,2.62925294574793,0.878410709992574,0.121589290007426,0,0.375,0.140625,"TP_40°C,87.5%SOC"
TP_40C_0SOC,40,313.15,0.00319335781574325,0,0,408.99,20.2235011805572,2.9973,1.00083478028583,0,0,-0.5,0.25,"TP_40°C,0%SOC"
TP_40C_38SOC,40,313.15,0.00319335781574325,0.375,37.5,276.98,16.6427161244792,2.97113392299188,0.992797413784606,0.00720258621539427,0,-0.125,0.015625,"TP_40°C,37.5%SOC"
TP_25C_100SOC,25,298.15,0.00335401643468053,1,100,3872.7,62.2310212032552,2.85170801932865,0.951981307644357,0.0480186923556435,0,0.5,0.25,"TP_25°C,100%SOC"
TP_25C_0SOC,25,298.15,0.00335401643468053,0,0,14695,121.22293512368,2.94801419714693,0.983994021144848,0.0160059788551522,0,-0.5,0.25,"TP_25°C,0%SOC"
TP_25C_0SOC,25,298.15,0.00335401643468053,0,0,10939,104.589674442557,2.9571845682343,0.987054925780377,0.0129450742196234,0,-0.5,0.25,"TP_25°C,0%SOC"
TP_25C_0SOC,25,298.15,0.00335401643468053,0,0,276.98,16.6427161244792,2.99888671442787,1.00097435078284,0,0,-0.5,0.25,"TP_25°C,0%SOC"
TP_40C_75SOC,40,313.15,0.00319335781574325,0.75,75,15811,125.741798937346,2.72176881017892,0.908270805918657,0.0917291940813428,0,0.25,0.0625,"TP_40°C,75%SOC"
TP_40C_100SOC,40,313.15,0.00319335781574325,1,100,3872.7,62.2310212032552,2.8087481777221,0.9382705975489,0.0617294024510999,0,0.5,0.25,"TP_40°C,100%SOC"
TP_0C_50SOC,0,273.15,0.00366099212886692,0.5,50,4483,66.9552089086428,2.9745857897287,0.990487330794799,0.00951266920520089,0,0,0,"TP_0°C,50%SOC"
TP_40C_88SOC,40,313.15,0.00319335781574325,0.875,87.5,11575,107.58717395675,2.69782190596384,0.90131900762294,0.0986809923770599,0,0.375,0.140625,"TP_40°C,87.5%SOC"
TP_40C_88SOC,40,313.15,0.00319335781574325,0.875,87.5,10939,104.589674442557,2.70498333282712,0.903711578511073,0.0962884214889272,0,0.375,0.140625,"TP_40°C,87.5%SOC"
TP_40C_12SOC,40,313.15,0.00319335781574325,0.125,12.5,1285.6,35.8552646064703,2.97389863273872,0.99327209883503,0.00672790116497013,0,-0.375,0.140625,"TP_40°C,12.5%SOC"
TP_40C_38SOC,40,313.15,0.00319335781574325,0.375,37.5,6388.1,79.9255903950668,2.85395550707285,0.953642521648797,0.0463574783512032,0,-0.125,0.015625,"TP_40°C,37.5%SOC"
TP_40C_25SOC,40,313.15,0.00319335781574325,0.25,25,10302,101.498768465435,2.85035728750016,0.950400163577834,0.0495998364221658,0,-0.25,0.0625,"TP_40°C,25%SOC"
TP_40C_25SOC,40,313.15,0.00319335781574325,0.25,25,8300.1,91.1048846110899,2.87079447489836,0.957214574645352,0.0427854253546484,0,-0.25,0.0625,"TP_40°C,25%SOC"
TP_25C_0SOC,25,298.15,0.00335401643468053,0,0,9031.6,95.0347304936464,2.9607811096136,0.988255386489642,0.0117446135103582,0,-0.5,0.25,"TP_25°C,0%SOC"
TP_40C_75SOC,40,313.15,0.00319335781574325,0.75,75,10939,104.589674442557,2.76945765527354,0.924184863573162,0.075815136426838,0,0.25,0.0625,"TP_40°C,75%SOC"
TP_25C_100SOC,25,298.15,0.00335401643468053,1,100,19190,138.527975513973,2.67743919940535,0.893805415179995,0.106194584820005,0,0.5,0.25,"TP_25°C,100%SOC"
TP_40C_75SOC,40,313.15,0.00319335781574325,0.75,75,13481,116.10770861575,2.74216131529618,0.915075908904732,0.0849240910952679,0,0.25,0.0625,"TP_40°C,75%SOC"
TP_25C_50SOC,25,298.15,0.00335401643468053,0.5,50,160.33,12.6621483169326,2.98576569576823,0.997544256583167,0.00245574341683297,0,0,0,"TP_25°C,50%SOC"
TP_25C_100SOC,25,298.15,0.00335401643468053,1,100,15811,125.741798937346,2.69508309954679,0.899695451261791,0.100304548738209,0,0.5,0.25,"TP_25°C,100%SOC"
TP_0C_50SOC,0,273.15,0.00366099212886692,0.5,50,10939,104.589674442557,2.95472741524477,0.983874824137761,0.0161251758622389,0,0,0,"TP_0°C,50%SOC"
TP_40C_25SOC,40,313.15,0.00319335781574325,0.25,25,4483,66.9552089086428,2.91025590322585,0.9703722752964,0.0296277247035999,0,-0.25,0.0625,"TP_40°C,25%SOC"
TP_40C_25SOC,40,313.15,0.00319335781574325,0.25,25,5118.6,71.5443918137543,2.90328345177606,0.968047437274346,0.0319525627256538,0,-0.25,0.0625,"TP_40°C,25%SOC"
TP_40C_75SOC,40,313.15,0.00319335781574325,0.75,75,6388.1,79.9255903950668,2.81685012264495,0.940000018178844,0.0599999818211555,0,0.25,0.0625,"TP_40°C,75%SOC"
TP_25C_0SOC,25,298.15,0.00335401643468053,0,0,12844,113.331372532058,2.94909469420461,0.984354671594106,0.0156453284058936,0,-0.5,0.25,"TP_25°C,0%SOC"
TP_40C_0SOC,40,313.15,0.00319335781574325,0,0,19190,138.527975513973,2.89960626055988,0.968213657192427,0.0317863428075732,0,-0.5,0.25,"TP_40°C,0%SOC"
TP_25C_50SOC,25,298.15,0.00335401643468053,0.5,50,1945,44.1021541423999,2.95279505260237,0.986528765390214,0.0134712346097862,0,0,0,"TP_25°C,50%SOC"
TP_40C_25SOC,40,313.15,0.00319335781574325,0.25,25,20163,141.996478829582,2.7713572351126,0.924059022752768,0.0759409772472316,0,-0.25,0.0625,"TP_40°C,25%SOC"
TP_40C_88SOC,40,313.15,0.00319335781574325,0.875,87.5,708.11,26.6103363375963,2.89885946041828,0.968483918944647,0.0315160810553534,0,0.375,0.140625,"TP_40°C,87.5%SOC"
TP_25C_0SOC,25,298.15,0.00335401643468053,0,0,5753.1,75.8491924808696,2.97273242259977,0.992244519423467,0.0077554805765333,0,-0.5,0.25,"TP_25°C,0%SOC"
TP_40C_0SOC,40,313.15,0.00319335781574325,0,0,4483,66.9552089086428,2.96616523961604,0.990438506616816,0.00956149338318424,0,-0.5,0.25,"TP_40°C,0%SOC"
TP_40C_38SOC,40,313.15,0.00319335781574325,0.375,37.5,10302,101.498768465435,2.80979216184287,0.938885443689736,0.0611145563102637,0,-0.125,0.015625,"TP_40°C,37.5%SOC"
TP_40C_75SOC,40,313.15,0.00319335781574325,0.75,75,5118.6,71.5443918137543,2.8325088422585,0.945225428151163,0.0547745718488373,0,0.25,0.0625,"TP_40°C,75%SOC"
TP_40C_100SOC,40,313.15,0.00319335781574325,1,100,17001,130.387882872604,2.61843226819492,0.874695007693084,0.125304992306916,0,0.5,0.25,"TP_40°C,100%SOC"
TP_40C_12SOC,40,313.15,0.00319335781574325,0.125,12.5,15148,123.077211538123,2.84155350480795,0.949069273108812,0.0509307268911877,0,-0.375,0.140625,"TP_40°C,12.5%SOC"
TP_40C_12SOC,40,313.15,0.00319335781574325,0.125,12.5,13481,116.10770861575,2.85919900325859,0.954962809992723,0.0450371900072768,0,-0.375,0.140625,"TP_40°C,12.5%SOC"
TP_40C_50SOC,40,313.15,0.00319335781574325,0.5,50,1945,44.1021541423999,2.92008771936436,0.976736360952687,0.0232636390473129,0,0,0,"TP_40°C,50%SOC"
TP_40C_50SOC,40,313.15,0.00319335781574325,0.5,50,11575,107.58717395675,2.79476556167363,0.934817514666717,0.0651824853332825,0,0,0,"TP_40°C,50%SOC"
TP_40C_75SOC,40,313.15,0.00319335781574325,0.75,75,19190,138.527975513973,2.69472628876252,0.899246552047759,0.100753447952241,0,0.25,0.0625,"TP_40°C,75%SOC"
TP_25C_50SOC,25,298.15,0.00335401643468053,0.5,50,2579.2,50.7858247939324,2.94712823679469,0.984635482347248,0.0153645176527517,0,0,0,"TP_25°C,50%SOC"
TP_25C_0SOC,25,298.15,0.00335401643468053,0,0,18239,135.051841897843,2.94064573061647,0.981534559783367,0.0184654402166327,0,-0.5,0.25,"TP_25°C,0%SOC"
TP_40C_25SOC,40,313.15,0.00319335781574325,0.25,25,5753.1,75.8491924808696,2.89599857878134,0.965618427930083,0.0343815720699168,0,-0.25,0.0625,"TP_40°C,25%SOC"
TP_25C_100SOC,25,298.15,0.00335401643468053,1,100,18239,135.051841897843,2.68249757960608,0.895494046472334,0.104505953527666,0,0.5,0.25,"TP_25°C,100%SOC"
TP_40C_0SOC,40,313.15,0.00319335781574325,0,0,15811,125.741798937346,2.90966446425874,0.97157221325589,0.0284277867441097,0,-0.5,0.25,"TP_40°C,0%SOC"
TP_40C_25SOC,40,313.15,0.00319335781574325,0.25,25,1009.1,31.7663343809134,2.96273916569936,0.987871871385166,0.0121281286148343,0,-0.25,0.0625,"TP_40°C,25%SOC"
TP_40C_75SOC,40,313.15,0.00319335781574325,0.75,75,9665.8,98.3148005134527,2.78041028588457,0.927839823022622,0.0721601769773778,0,0.25,0.0625,"TP_40°C,75%SOC"
TP_40C_100SOC,40,313.15,0.00319335781574325,1,100,3286.7,57.3297479499082,2.82030632692463,0.942131631316481,0.0578683686835189,0,0.5,0.25,"TP_40°C,100%SOC"
TP_25C_100SOC,25,298.15,0.00335401643468053,1,100,708.11,26.6103363375963,2.9319100421036,0.978755025710694,0.0212449742893059,0,0.5,0.25,"TP_25°C,100%SOC"
TP_40C_88SOC,40,313.15,0.00319335781574325,0.875,87.5,15148,123.077211538123,2.66408773440204,0.890048712142038,0.109951287857962,0,0.375,0.140625,"TP_40°C,87.5%SOC"
TP_40C_25SOC,40,313.15,0.00319335781574325,0.25,25,10939,104.589674442557,2.84488255150425,0.948574711726982,0.0514252882730184,0,-0.25,0.0625,"TP_40°C,25%SOC"
TP_40C_12SOC,40,313.15,0.00319335781574325,0.125,12.5,708.11,26.6103363375963,2.98544013760405,0.997126922478008,0.00287307752199206,0,-0.375,0.140625,"TP_40°C,12.5%SOC"
TP_25C_100SOC,25,298.15,0.00335401643468053,1,100,21241,145.742924356553,2.66628330787716,0.890081261047467,0.109918738952533,0,0.5,0.25,"TP_25°C,100%SOC"
TP_25C_0SOC,25,298.15,0.00335401643468053,0,0,708.11,26.6103363375963,2.99587702252932,0.999969769856286,3.02301437140606e-05,0,-0.5,0.25,"TP_25°C,0%SOC"
TP_40C_88SOC,40,313.15,0.00319335781574325,0.875,87.5,1285.6,35.8552646064703,2.87131262751468,0.959280759892175,0.0407192401078252,0,0.375,0.140625,"TP_40°C,87.5%SOC"
TP_25C_50SOC,25,298.15,0.00335401643468053,0.5,50,276.98,16.6427161244792,2.98455331768978,0.997139201092484,0.00286079890751645,0,0,0,"TP_25°C,50%SOC"
TP_40C_100SOC,40,313.15,0.00319335781574325,1,100,2579.2,50.7858247939324,2.83615242369884,0.947425066593834,0.0525749334061657,0,0.5,0.25,"TP_40°C,100%SOC"
TP_40C_100SOC,40,313.15,0.00319335781574325,1,100,276.98,16.6427161244792,2.93561570050631,0.980651067025102,0.019348932974898,0,0.5,0.25,"TP_40°C,100%SOC"
TP_40C_100SOC,40,313.15,0.00319335781574325,1,100,6388.1,79.9255903950668,2.76585149128599,0.923940833159727,0.076059166840273,0,0.5,0.25,"TP_40°C,100%SOC"
TP_40C_100SOC,40,313.15,0.00319335781574325,1,100,408.99,20.2235011805572,2.92245169644657,0.976253592714932,0.0237464072850676,0,0.5,0.25,"TP_40°C,100%SOC"
TP_40C_88SOC,40,313.15,0.00319335781574325,0.875,87.5,276.98,16.6427161244792,2.9302944582375,0.978986080327655,0.0210139196723447,0,0.375,0.140625,"TP_40°C,87.5%SOC"
TP_40C_75SOC,40,313.15,0.00319335781574325,0.75,75,408.99,20.2235011805572,2.93920141230085,0.980829387684937,0.0191706123150635,0,0.25,0.0625,"TP_40°C,75%SOC"
TP_40C_88SOC,40,313.15,0.00319335781574325,0.875,87.5,3286.7,57.3297479499082,2.81876042144285,0.941723521543584,0.0582764784564165,0,0.375,0.140625,"TP_40°C,87.5%SOC"
TP_25C_100SOC,25,298.15,0.00335401643468053,1,100,10302,101.498768465435,2.75351670051921,0.919202250515801,0.0807977494841994,0,0.5,0.25,"TP_25°C,100%SOC"
TP_25C_50SOC,25,298.15,0.00335401643468053,0.5,50,18239,135.051841897843,2.86402930777808,0.956872131898745,0.0431278681012546,0,0,0,"TP_25°C,50%SOC"
TP_0C_50SOC,0,273.15,0.00366099212886692,0.5,50,15811,125.741798937346,2.941135586509,0.97934897243377,0.0206510275662304,0,0,0,"TP_0°C,50%SOC"
TP_40C_25SOC,40,313.15,0.00319335781574325,0.25,25,6388.1,79.9255903950668,2.88806829293145,0.962974217324625,0.0370257826753755,0,-0.25,0.0625,"TP_40°C,25%SOC"
TP_40C_12SOC,40,313.15,0.00319335781574325,0.125,12.5,9031.6,95.0347304936464,2.89194863143169,0.96590107518894,0.0340989248110605,0,-0.375,0.140625,"TP_40°C,12.5%SOC"
TP_25C_0SOC,25,298.15,0.00335401643468053,0,0,1285.6,35.8552646064703,2.98975630372229,0.997926784202738,0.00207321579726183,0,-0.5,0.25,"TP_25°C,0%SOC"
TP_40C_0SOC,40,313.15,0.00319335781574325,0,0,15148,123.077211538123,2.91093018416973,0.97199485246752,0.0280051475324796,0,-0.5,0.25,"TP_40°C,0%SOC"
TP_40C_12SOC,40,313.15,0.00319335781574325,0.125,12.5,10939,104.589674442557,2.87869786776903,0.961475364880765,0.0385246351192348,0,-0.375,0.140625,"TP_40°C,12.5%SOC"
TP_25C_100SOC,25,298.15,0.00335401643468053,1,100,15148,123.077211538123,2.70131335725652,0.901775288622864,0.0982247113771362,0,0.5,0.25,"TP_25°C,100%SOC"
TP_40C_75SOC,40,313.15,0.00319335781574325,0.75,75,18239,135.051841897843,2.70223857361827,0.901753447194292,0.0982465528057076,0,0.25,0.0625,"TP_40°C,75%SOC"
TP_40C_12SOC,40,313.15,0.00319335781574325,0.125,12.5,19190,138.527975513973,2.81560217698587,0.940401617268218,0.059598382731782,0,-0.375,0.140625,"TP_40°C,12.5%SOC"
TP_40C_0SOC,40,313.15,0.00319335781574325,0,0,12844,113.331372532058,2.92404020773476,0.976372448155055,0.0236275518449447,0,-0.5,0.25,"TP_40°C,0%SOC"
TP_25C_0SOC,25,298.15,0.00335401643468053,0,0,408.99,20.2235011805572,2.99718761448185,1.00040722183555,0,0,-0.5,0.25,"TP_25°C,0%SOC"
TP_40C_50SOC,40,313.15,0.00319335781574325,0.5,50,15811,125.741798937346,2.75850594583496,0.922689082705943,0.0773109172940575,0,0,0,"TP_40°C,50%SOC"
TP_40C_12SOC,40,313.15,0.00319335781574325,0.125,12.5,7663.4,87.5408476084165,2.90711411757997,0.970966296340235,0.0290337036597652,0,-0.375,0.140625,"TP_40°C,12.5%SOC"
TP_40C_75SOC,40,313.15,0.00319335781574325,0.75,75,0,0,2.99664900869078,1,0,0,0.25,0.0625,"TP_40°C,75%SOC"
TP_25C_50SOC,25,298.15,0.00335401643468053,0.5,50,7026.7,83.8254138075083,2.91759865604794,0.974769650036636,0.0252303499633644,0,0,0,"TP_25°C,50%SOC"
TP_0C_50SOC,0,273.15,0.00366099212886692,0.5,50,9665.8,98.3148005134527,2.95779563543141,0.984896490157094,0.0151035098429061,0,0,0,"TP_0°C,50%SOC"
TP_40C_88SOC,40,313.15,0.00319335781574325,0.875,87.5,5118.6,71.5443918137543,2.78398294715964,0.930104667630624,0.0698953323693757,0,0.375,0.140625,"TP_40°C,87.5%SOC"
TP_40C_88SOC,40,313.15,0.00319335781574325,0.875,87.5,5753.1,75.8491924808696,2.77321807555152,0.926508216962932,0.0734917830370682,0,0.375,0.140625,"TP_40°C,87.5%SOC"
TP_40C_12SOC,40,313.15,0.00319335781574325,0.125,12.5,8300.1,91.1048846110899,2.90194525279269,0.969239912959397,0.0307600870406031,0,-0.375,0.140625,"TP_40°C,12.5%SOC"
TP_40C_38SOC,40,313.15,0.00319335781574325,0.375,37.5,17001,130.387882872604,2.74787023499246,0.918194377441285,0.0818056225587153,0,-0.125,0.015625,"TP_40°C,37.5%SOC"
TP_40C_75SOC,40,313.15,0.00319335781574325,0.75,75,276.98,16.6427161244792,2.94814862712388,0.983815127688881,0.0161848723111185,0,0.25,0.0625,"TP_40°C,75%SOC"
TP_25C_50SOC,25,298.15,0.00335401643468053,0.5,50,10939,104.589674442557,2.89470837900982,0.96712200895638,0.0328779910436197,0,0,0,"TP_25°C,50%SOC"
TP_40C_38SOC,40,313.15,0.00319335781574325,0.375,37.5,9665.8,98.3148005134527,2.81617189402308,0.941017216195896,0.0589827838041045,0,-0.125,0.015625,"TP_40°C,37.5%SOC"
TP_40C_12SOC,40,313.15,0.00319335781574325,0.125,12.5,12844,113.331372532058,2.86307937229944,0.956258840146216,0.0437411598537844,0,-0.375,0.140625,"TP_40°C,12.5%SOC"
TP_0C_50SOC,0,273.15,0.00366099212886692,0.5,50,10302,101.498768465435,2.95674529630389,0.984546744790045,0.0154532552099549,0,0,0,"TP_0°C,50%SOC"
TP_40C_12SOC,40,313.15,0.00319335781574325,0.125,12.5,12211,110.503393613047,2.86839777861528,0.958035169892508,0.041964830107492,0,-0.375,0.140625,"TP_40°C,12.5%SOC"
TP_25C_0SOC,25,298.15,0.00335401643468053,0,0,160.33,12.6621483169326,3.00197966101078,1.00200672062293,0,0,-0.5,0.25,"TP_25°C,0%SOC"
TP_25C_50SOC,25,298.15,0.00335401643468053,0.5,50,10302,101.498768465435,2.89980162529789,0.968823662434826,0.031176337565174,0,0,0,"TP_25°C,50%SOC"
TP_40C_12SOC,40,313.15,0.00319335781574325,0.125,12.5,276.98,16.6427161244792,2.99823369530128,1.00139992753797,0,0,-0.375,0.140625,"TP_40°C,12.5%SOC"
TP_40C_38SOC,40,313.15,0.00319335781574325,0.375,37.5,4483,66.9552089086428,2.87825956198802,0.961763664448029,0.038236335551971,0,-0.125,0.015625,"TP_40°C,37.5%SOC"
TP_40C_0SOC,40,313.15,0.00319335781574325,0,0,0,0,2.9948,1,0,0,-0.5,0.25,"TP_40°C,0%SOC"
TP_25C_0SOC,25,298.15,0.00335401643468053,0,0,10302,101.498768465435,2.95836012928635,0.987447306878075,0.0125526931219248,0,-0.5,0.25,"TP_25°C,0%SOC"
TP_40C_25SOC,40,313.15,0.00319335781574325,0.25,25,276.98,16.6427161244792,2.98641627269096,0.995766575132148,0.00423342486785172,0,-0.25,0.0625,"TP_40°C,25%SOC"
TP_40C_75SOC,40,313.15,0.00319335781574325,0.75,75,14119,118.823398369176,2.73623290132901,0.913097561106916,0.0869024388930837,0,0.25,0.0625,"TP_40°C,75%SOC"
