cond_id,T_degC,T_K,SOC_store,SOC_pct,t_h,Q_Ah,SOH_init,EFC,source_col,T_degC_n,SOC_store_n,t_h_n,T_degC_trn,SOC_store_trn,t_h_trn
TP_40C_38SOC,40,313.15,0.375,37.5,10302,2.80979216184287,0.938885443689736,0,"TP_40°C,37.5%SOC",0.205731333172674,-0.369954537000163,0.243561331975196,0.205662051698013,-0.369829952205587,0.268167512549746
TP_60C_0SOC,60,333.15,0,0,13481,2.77635672741564,0.926665912536149,0,"TP_60°C,0%SOC",1.4775250291492,-1.47981814800065,0.739460654020753,1.47702746219482,-1.47931980882235,0.767688866634879
TP_40C_75SOC,40,313.15,0.75,75,15811,2.72176881017892,0.908270805918657,0,"TP_40°C,75%SOC",0.205731333172674,0.739909074000325,1.10292256668705,0.205662051698013,0.739659904411175,1.13380549293823
TP_40C_38SOC,40,313.15,0.375,37.5,13481,2.77892760931277,0.928572126039401,0,"TP_40°C,37.5%SOC",0.205731333172674,-0.369954537000163,0.739460654020753,0.205662051698013,-0.369829952205587,0.767688866634879
TP_40C_12SOC,40,313.15,0.125,12.5,14119,2.85396060159898,0.953213201531392,0,"TP_40°C,12.5%SOC",0.205731333172674,-1.10986361100049,0.838983701351695,0.205662051698013,-1.10948985661676,0.867938826970303
TP_40C_88SOC,40,313.15,0.875,87.5,9665.8,2.72020701628137,0.908797679722208,0,"TP_40°C,87.5%SOC",0.205731333172674,1.10986361100049,0.144319070671206,0.205662051698013,1.10948985661676,0.168200389093011
TP_40C_62SOC,40,313.15,0.625,62.5,1285.6,2.92869707391916,0.977775889282049,0,"TP_40°C,62.5%SOC",0.205731333172674,0.369954537000163,-1.16292707547732,0.205662051698013,0.369829952205587,-1.14859383912474
TP_10C_50SOC,10,283.15,0.5,50,17001,2.91567059126644,0.973466231442125,0,"TP_10°C,50%SOC",-1.70195921079212,0,1.28855332895009,-1.7013860640472,0,1.3207920960717
TP_40C_88SOC,40,313.15,0.875,87.5,10939,2.70498333282712,0.903711578511073,0,"TP_40°C,87.5%SOC",0.205731333172674,1.10986361100049,0.342928387068942,0.205662051698013,1.10948985661676,0.368260341285899
TP_40C_62SOC,40,313.15,0.625,62.5,160.33,2.97748395436287,0.994063895247552,0,"TP_40°C,62.5%SOC",0.205731333172674,0.369954537000163,-1.33846046022668,0.205662051698013,0.369829952205587,-1.32540931383734
TP_40C_75SOC,40,313.15,0.75,75,276.98,2.94814862712388,0.983815127688881,0,"TP_40°C,75%SOC",0.205731333172674,0.739909074000325,-1.32026396575779,0.205662051698013,0.739659904411175,-1.30707991278229
TP_40C_62SOC,40,313.15,0.625,62.5,19190,2.72094887529192,0.908416998781413,0,"TP_40°C,62.5%SOC",0.205731333172674,0.369954537000163,1.63002033617177,0.205662051698013,0.369829952205587,1.66475316687773
TP_60C_100SOC,60,333.15,1,100,18239,2.35311959189484,0.786749134851289,0,"TP_60°C,100%SOC",1.4775250291492,1.47981814800065,1.48167171859853,1.47702746219482,1.47931980882235,1.51532101597022
TP_40C_100SOC,40,313.15,1,100,9665.8,2.72233658020748,0.909404549008745,0,"TP_40°C,100%SOC",0.205731333172674,1.47981814800065,0.144319070671206,0.205662051698013,1.47931980882235,0.168200389093011
TP_60C_50SOC,60,333.15,0.5,50,5753.1,2.6839395418023,0.897387688329332,0,"TP_60°C,50%SOC",1.4775250291492,0,-0.466031755804934,1.47702746219482,0,-0.446608419377859
TP_40C_50SOC,40,313.15,0.5,50,15811,2.75850594583496,0.922689082705943,0,"TP_40°C,50%SOC",0.205731333172674,0,1.10292256668705,0.205662051698013,0,1.13380549293823
TP_10C_50SOC,10,283.15,0.5,50,11575,2.93139222176062,0.978715273098318,0,"TP_10°C,50%SOC",-1.70195921079212,0,0.442139449925493,-1.7013860640472,0,0.46819603842278
TP_0C_50SOC,0,273.15,0.5,50,12211,2.95173609387575,0.982878764138893,0,"TP_0°C,50%SOC",-2.33785605878038,0,0.541350512782044,-2.3370687692956,0,0.568131735559661
TP_60C_50SOC,60,333.15,0.5,50,1945,2.79932219788013,0.935966416873065,0,"TP_60°C,50%SOC",1.4775250291492,0,-1.06006579427039,1.47702746219482,0,-1.0449812625649
TP_0C_50SOC,0,273.15,0.5,50,10939,2.95472741524477,0.983874824137761,0,"TP_0°C,50%SOC",-2.33785605878038,0,0.342928387068942,-2.3370687692956,0,0.368260341285899
TP_60C_0SOC,60,333.15,0,0,0,2.99607084911234,1,0,"TP_60°C,0%SOC",1.4775250291492,-1.47981814800065,-1.36347069561629,1.47702746219482,-1.47931980882235,-1.3506022231486
TP_60C_100SOC,60,333.15,1,100,276.98,2.88020133303298,0.962975241363122,0,"TP_60°C,100%SOC",1.4775250291492,1.47981814800065,-1.32026396575779,1.47702746219482,1.47931980882235,-1.30707991278229
TP_25C_50SOC,25,298.15,0.5,50,14695,2.87848479916891,0.961701711270445,0,"TP_25°C,50%SOC",-0.748113938809723,0,0.928835229976496,-0.747862006174591,0,0.958446628150874
TP_40C_25SOC,40,313.15,0.25,25,708.11,2.97019289844463,0.990357183963851,0,"TP_40°C,25%SOC",0.205731333172674,-0.739909074000325,-1.25301103253555,0.205662051698013,-0.739659904411175,-1.23933576638822
TP_0C_50SOC,0,273.15,0.5,50,15148,2.9405286775678,0.979146881904298,0,"TP_0°C,50%SOC",-2.33785605878038,0,0.999499713426209,-2.3370687692956,0,1.02962724262101
TP_25C_50SOC,25,298.15,0.5,50,4483,2.93261861901375,0.979787819349744,0,"TP_25°C,50%SOC",-0.748113938809723,0,-0.664157496267363,-0.747862006174591,0,-0.646181263613004
TP_40C_50SOC,40,313.15,0.5,50,3872.7,2.88719039810577,0.965732578553232,0,"TP_40°C,50%SOC",0.205731333172674,0,-0.759359558627981,0.205662051698013,0,-0.742078678648599
TP_40C_0SOC,40,313.15,0,0,14119,2.92006944108881,0.975046561068789,0,"TP_40°C,0%SOC",0.205731333172674,-1.47981814800065,0.838983701351695,0.205662051698013,-1.47931980882235,0.867938826970303
TP_40C_50SOC,40,313.15,0.5,50,12844,2.78487941707447,0.931510710958184,0,"TP_40°C,50%SOC",0.205731333172674,0,0.640093598927007,0.205662051698013,0,0.667596037898726
TP_60C_100SOC,60,333.15,1,100,13481,2.42411618686404,0.810486351549411,0,"TP_60°C,100%SOC",1.4775250291492,1.47981814800065,0.739460654020753,1.47702746219482,1.47931980882235,0.767688866634879
TP_25C_100SOC,25,298.15,1,100,9031.6,2.76979493787247,0.924636389486785,0,"TP_25°C,100%SOC",-0.748113938809723,1.47981814800065,0.0453887938416083,-0.747862006174591,1.47931980882235,0.0685475288348198
TP_0C_50SOC,0,273.15,0.5,50,12844,2.94995873451384,0.982286933190087,0,"TP_0°C,50%SOC",-2.33785605878038,0,0.640093598927007,-2.3370687692956,0,0.667596037898726
TP_60C_0SOC,60,333.15,0,0,1285.6,2.94910283760662,0.984323464340092,0,"TP_60°C,0%SOC",1.4775250291492,-1.47981814800065,-1.16292707547732,1.47702746219482,-1.47931980882235,-1.14859383912474
TP_40C_50SOC,40,313.15,0.5,50,14695,2.76634845490801,0.925312313413004,0,"TP_40°C,50%SOC",0.205731333172674,0,0.928835229976496,0.205662051698013,0,0.958446628150874
TP_40C_75SOC,40,313.15,0.75,75,6388.1,2.81685012264495,0.940000018178844,0,"TP_40°C,75%SOC",0.205731333172674,0.739909074000325,-0.366976685185579,0.205662051698013,0.739659904411175,-0.34682985384025
TP_25C_0SOC,25,298.15,0,0,15811,2.94372717594288,0.982563090711274,0,"TP_25°C,0%SOC",-0.748113938809723,-1.47981814800065,1.10292256668705,-0.747862006174591,-1.47931980882235,1.13380549293823
TP_0C_50SOC,0,273.15,0.5,50,6388.1,2.96768680521628,0.988190084308079,0,"TP_0°C,50%SOC",-2.33785605878038,0,-0.366976685185579,-2.3370687692956,0,-0.34682985384025
TP_60C_50SOC,60,333.15,0.5,50,408.99,2.90458541222055,0.971161662932755,0,"TP_60°C,50%SOC",1.4775250291492,0,-1.29967143052556,1.47702746219482,0,-1.28633697036241
TP_40C_62SOC,40,313.15,0.625,62.5,20163,2.71369651579637,0.905995723355455,0,"TP_40°C,62.5%SOC",0.205731333172674,0.369954537000163,1.78180078296332,0.205662051698013,0.369829952205587,1.81764221296921
TP_25C_0SOC,25,298.15,0,0,12211,2.95427538176763,0.98608389175606,0,"TP_25°C,0%SOC",-0.748113938809723,-1.47981814800065,0.541350512782044,-0.747862006174591,-1.47931980882235,0.568131735559661
TP_40C_62SOC,40,313.15,0.625,62.5,5118.6,2.86221976420161,0.955581750050308,0,"TP_40°C,62.5%SOC",0.205731333172674,0.369954537000163,-0.565008830305691,0.205662051698013,0.369829952205587,-0.546308419115832
TP_60C_100SOC,60,333.15,1,100,0,2.99094017096012,1,0,"TP_60°C,100%SOC",1.4775250291492,1.47981814800065,-1.36347069561629,1.47702746219482,1.47931980882235,-1.3506022231486
TP_10C_50SOC,10,283.15,0.5,50,12844,2.92785132351599,0.97753305968901,0,"TP_10°C,50%SOC",-1.70195921079212,0,0.640093598927007,-1.7013860640472,0,0.667596037898726
TP_40C_12SOC,40,313.15,0.125,12.5,6388.1,2.9175581661245,0.974454573278782,0,"TP_40°C,12.5%SOC",0.205731333172674,-1.10986361100049,-0.366976685185579,0.205662051698013,-1.10948985661676,-0.34682985384025
TP_25C_100SOC,25,298.15,1,100,14119,2.7109830279297,0.905003299930316,0,"TP_25°C,100%SOC",-0.748113938809723,1.47981814800065,0.838983701351695,-0.747862006174591,1.47931980882235,0.867938826970303
TP_40C_25SOC,40,313.15,0.25,25,5753.1,2.89599857878134,0.965618427930083,0,"TP_40°C,25%SOC",0.205731333172674,-0.739909074000325,-0.466031755804934,0.205662051698013,-0.739659904411175,-0.446608419377859
TP_25C_100SOC,25,298.15,1,100,4483,2.84221363711539,0.948811812614223,0,"TP_25°C,100%SOC",-0.748113938809723,1.47981814800065,-0.664157496267363,-0.747862006174591,1.47931980882235,-0.646181263613004
TP_40C_100SOC,40,313.15,1,100,408.99,2.92245169644657,0.976253592714932,0,"TP_40°C,100%SOC",0.205731333172674,1.47981814800065,-1.29967143052556,0.205662051698013,1.47931980882235,-1.28633697036241
TP_40C_88SOC,40,313.15,0.875,87.5,2579.2,2.83421971266971,0.946888337277471,0,"TP_40°C,87.5%SOC",0.205731333172674,1.10986361100049,-0.961135517440793,0.205662051698013,1.10948985661676,-0.945328402306705
TP_10C_50SOC,10,283.15,0.5,50,408.99,2.98298325362221,0.995940170695786,0,"TP_10°C,50%SOC",-1.70195921079212,0,-1.29967143052556,-1.7013860640472,0,-1.28633697036241
TP_0C_50SOC,0,273.15,0.5,50,7026.7,2.96668499794046,0.987856499236159,0,"TP_0°C,50%SOC",-2.33785605878038,0,-0.26736004251232,-2.3370687692956,0,-0.246485614545262
TP_25C_50SOC,25,298.15,0.5,50,1285.6,2.9587201521966,0.98850834104087,0,"TP_25°C,50%SOC",-0.748113938809723,0,-1.16292707547732,-0.747862006174591,0,-1.14859383912474
TP_40C_25SOC,40,313.15,0.25,25,1285.6,2.95664488151565,0.985839842379368,0,"TP_40°C,25%SOC",0.205731333172674,-0.739909074000325,-1.16292707547732,0.205662051698013,-0.739659904411175,-1.14859383912474
TP_40C_12SOC,40,313.15,0.125,12.5,3286.7,2.94958876741385,0.985152685924378,0,"TP_40°C,12.5%SOC",0.205731333172674,-1.10986361100049,-0.85077100962474,0.205662051698013,-1.10948985661676,-0.834157795821889
TP_25C_0SOC,25,298.15,0,0,19190,2.93902815468019,0.980994642081618,0,"TP_25°C,0%SOC",-0.748113938809723,-1.47981814800065,1.63002033617177,-0.747862006174591,-1.47931980882235,1.66475316687773
TP_25C_50SOC,25,298.15,0.5,50,9031.6,2.90513937902036,0.970607005841997,0,"TP_25°C,50%SOC",-0.748113938809723,0,0.0453887938416083,-0.747862006174591,0,0.0685475288348198
TP_60C_50SOC,60,333.15,0.5,50,15148,2.47934279917556,0.828979814364246,0,"TP_60°C,50%SOC",1.4775250291492,0,0.999499713426209,1.47702746219482,0,1.02962724262101
TP_60C_0SOC,60,333.15,0,0,12844,2.78647494161409,0.930043073727596,0,"TP_60°C,0%SOC",1.4775250291492,-1.47981814800065,0.640093598927007,1.47702746219482,-1.47931980882235,0.667596037898726
TP_40C_100SOC,40,313.15,1,100,14119,2.67455066247168,0.893441522510316,0,"TP_40°C,100%SOC",0.205731333172674,1.47981814800065,0.838983701351695,0.205662051698013,1.47931980882235,0.867938826970303
TP_40C_88SOC,40,313.15,0.875,87.5,4483,2.7954192962979,0.933925453144056,0,"TP_40°C,87.5%SOC",0.205731333172674,1.10986361100049,-0.664157496267363,0.205662051698013,1.10948985661676,-0.646181263613004
TP_40C_0SOC,40,313.15,0,0,708.11,2.99502206116749,1.00007414891395,0,"TP_40°C,0%SOC",0.205731333172674,-1.47981814800065,-1.25301103253555,0.205662051698013,-1.47931980882235,-1.23933576638822
TP_40C_75SOC,40,313.15,0.75,75,4483,2.84202763699416,0.948401907848336,0,"TP_40°C,75%SOC",0.205731333172674,0.739909074000325,-0.664157496267363,0.205662051698013,0.739659904411175,-0.646181263613004
TP_40C_38SOC,40,313.15,0.375,37.5,7026.7,2.84524870714164,0.950733164925711,0,"TP_40°C,37.5%SOC",0.205731333172674,-0.369954537000163,-0.26736004251232,0.205662051698013,-0.369829952205587,-0.246485614545262
TP_40C_38SOC,40,313.15,0.375,37.5,17001,2.74787023499246,0.918194377441285,0,"TP_40°C,37.5%SOC",0.205731333172674,-0.369954537000163,1.28855332895009,0.205662051698013,-0.369829952205587,1.3207920960717
TP_40C_12SOC,40,313.15,0.125,12.5,2579.2,2.95745541845676,0.98778012080268,0,"TP_40°C,12.5%SOC",0.205731333172674,-1.10986361100049,-0.961135517440793,0.205662051698013,-1.10948985661676,-0.945328402306705
TP_40C_100SOC,40,313.15,1,100,10939,2.70902111807689,0.904956479684125,0,"TP_40°C,100%SOC",0.205731333172674,1.47981814800065,0.342928387068942,0.205662051698013,1.47931980882235,0.368260341285899
TP_40C_25SOC,40,313.15,0.25,25,9665.8,2.8553396418788,0.952061439670213,0,"TP_40°C,25%SOC",0.205731333172674,-0.739909074000325,0.144319070671206,0.205662051698013,-0.739659904411175,0.168200389093011
TP_25C_0SOC,25,298.15,0,0,4483,2.97628191902321,0.993429277374131,0,"TP_25°C,0%SOC",-0.748113938809723,-1.47981814800065,-0.664157496267363,-0.747862006174591,-1.47931980882235,-0.646181263613004
TP_40C_12SOC,40,313.15,0.125,12.5,10302,2.88372178742421,0.963153337077041,0,"TP_40°C,12.5%SOC",0.205731333172674,-1.10986361100049,0.243561331975196,0.205662051698013,-1.10948985661676,0.268167512549746
TP_25C_50SOC,25,298.15,0.5,50,2579.2,2.94712823679469,0.984635482347248,0,"TP_25°C,50%SOC",-0.748113938809723,0,-0.961135517440793,-0.747862006174591,0,-0.945328402306705
TP_40C_50SOC,40,313.15,0.5,50,1009.1,2.94325058871135,0.984484079134292,0,"TP_40°C,50%SOC",0.205731333172674,0,-1.20605892906197,0.205662051698013,0,-1.1920407263234
TP_40C_62SOC,40,313.15,0.625,62.5,18239,2.72863875208369,0.910984343893852,0,"TP_40°C,62.5%SOC",0.205731333172674,0.369954537000163,1.48167171859853,0.205662051698013,0.369829952205587,1.51532101597022
TP_25C_0SOC,25,298.15,0,0,8300.1,2.96591064045195,0.989967531458652,0,"TP_25°C,0%SOC",-0.748113938809723,-1.47981814800065,-0.0687195276671444,-0.747862006174591,-1.47931980882235,-0.0463942360325203
TP_40C_0SOC,40,313.15,0,0,0,2.9948,1,0,"TP_40°C,0%SOC",0.205731333172674,-1.47981814800065,-1.36347069561629,0.205662051698013,-1.47931980882235,-1.3506022231486
TP_40C_0SOC,40,313.15,0,0,6388.1,2.95868926281518,0.987942187396547,0,"TP_40°C,0%SOC",0.205731333172674,-1.47981814800065,-0.366976685185579,0.205662051698013,-1.47931980882235,-0.34682985384025
TP_60C_0SOC,60,333.15,0,0,708.11,2.96728658342394,0.990392661876828,0,"TP_60°C,0%SOC",1.4775250291492,-1.47981814800065,-1.25301103253555,1.47702746219482,-1.47931980882235,-1.23933576638822
TP_0C_50SOC,0,273.15,0.5,50,1009.1,2.98942405264463,0.99542822423952,0,"TP_0°C,50%SOC",-2.33785605878038,0,-1.20605892906197,-2.3370687692956,0,-1.1920407263234
TP_25C_100SOC,25,298.15,1,100,17001,2.68914287214055,0.897712434271423,0,"TP_25°C,100%SOC",-0.748113938809723,1.47981814800065,1.28855332895009,-0.747862006174591,1.47931980882235,1.3207920960717
TP_40C_88SOC,40,313.15,0.875,87.5,0,2.9931931792705,1,0,"TP_40°C,87.5%SOC",0.205731333172674,1.10986361100049,-1.36347069561629,0.205662051698013,1.10948985661676,-1.3506022231486
TP_0C_50SOC,0,273.15,0.5,50,1285.6,2.98652927377801,0.994464311279692,0,"TP_0°C,50%SOC",-2.33785605878038,0,-1.16292707547732,-2.3370687692956,0,-1.14859383912474
TP_25C_100SOC,25,298.15,1,100,12211,2.72915108152826,0.911068313355562,0,"TP_25°C,100%SOC",-0.748113938809723,1.47981814800065,0.541350512782044,-0.747862006174591,1.47931980882235,0.568131735559661
TP_60C_0SOC,60,333.15,0,0,5118.6,2.90190586020904,0.968570506624969,0,"TP_60°C,0%SOC",1.4775250291492,-1.47981814800065,-0.565008830305691,1.47702746219482,-1.47931980882235,-0.546308419115832
TP_40C_38SOC,40,313.15,0.375,37.5,20163,2.72411982457652,0.910258233649582,0,"TP_40°C,37.5%SOC",0.205731333172674,-0.369954537000163,1.78180078296332,0.205662051698013,-0.369829952205587,1.81764221296921
TP_0C_50SOC,0,273.15,0.5,50,18239,2.93764375519728,0.978186250992864,0,"TP_0°C,50%SOC",-2.33785605878038,0,1.48167171859853,-2.3370687692956,0,1.51532101597022
TP_40C_38SOC,40,313.15,0.375,37.5,4483,2.87825956198802,0.961763664448029,0,"TP_40°C,37.5%SOC",0.205731333172674,-0.369954537000163,-0.664157496267363,0.205662051698013,-0.369829952205587,-0.646181263613004
TP_40C_62SOC,40,313.15,0.625,62.5,8300.1,2.82430391011962,0.942923148970307,0,"TP_40°C,62.5%SOC",0.205731333172674,0.369954537000163,-0.0687195276671444,0.205662051698013,0.369829952205587,-0.0463942360325203
TP_60C_50SOC,60,333.15,0.5,50,11575,2.54236520130719,0.85005164809262,0,"TP_60°C,50%SOC",1.4775250291492,0,0.442139449925493,1.47702746219482,0,0.46819603842278
TP_40C_0SOC,40,313.15,0,0,17001,2.9068539654713,0.97063375366345,0,"TP_40°C,0%SOC",0.205731333172674,-1.47981814800065,1.28855332895009,0.205662051698013,-1.47931980882235,1.3207920960717
TP_40C_75SOC,40,313.15,0.75,75,5753.1,2.82335386681587,0.942170357164845,0,"TP_40°C,75%SOC",0.205731333172674,0.739909074000325,-0.466031755804934,0.205662051698013,0.739659904411175,-0.446608419377859
TP_40C_12SOC,40,313.15,0.125,12.5,7026.7,2.91271432604751,0.972836747053393,0,"TP_40°C,12.5%SOC",0.205731333172674,-1.10986361100049,-0.26736004251232,0.205662051698013,-1.10948985661676,-0.246485614545262
TP_40C_50SOC,40,313.15,0.5,50,4483,2.87829752999192,0.962758014610391,0,"TP_40°C,50%SOC",0.205731333172674,0,-0.664157496267363,0.205662051698013,0,-0.646181263613004
TP_10C_50SOC,10,283.15,0.5,50,1945,2.96934274110786,0.991385959958792,0,"TP_10°C,50%SOC",-1.70195921079212,0,-1.06006579427039,-1.7013860640472,0,-1.0449812625649
TP_60C_50SOC,60,333.15,0.5,50,17001,2.45152745768687,0.819679625366,0,"TP_60°C,50%SOC",1.4775250291492,0,1.28855332895009,1.47702746219482,0,1.3207920960717
TP_25C_0SOC,25,298.15,0,0,708.11,2.99587702252932,0.999969769856286,0,"TP_25°C,0%SOC",-0.748113938809723,-1.47981814800065,-1.25301103253555,-0.747862006174591,-1.47931980882235,-1.23933576638822
TP_25C_100SOC,25,298.15,1,100,18239,2.68249757960608,0.895494046472334,0,"TP_25°C,100%SOC",-0.748113938809723,1.47981814800065,1.48167171859853,-0.747862006174591,1.47931980882235,1.51532101597022
TP_40C_50SOC,40,313.15,0.5,50,9031.6,2.82060513699998,0.943460560766139,0,"TP_40°C,50%SOC",0.205731333172674,0,0.0453887938416083,0.205662051698013,0,0.0685475288348198
TP_0C_50SOC,0,273.15,0.5,50,19190,2.93643606940798,0.97778411181839,0,"TP_0°C,50%SOC",-2.33785605878038,0,1.63002033617177,-2.3370687692956,0,1.66475316687773
TP_40C_0SOC,40,313.15,0,0,14695,2.91709105994244,0.97405204352292,0,"TP_40°C,0%SOC",0.205731333172674,-1.47981814800065,0.928835229976496,0.205662051698013,-1.47931980882235,0.958446628150874
TP_40C_75SOC,40,313.15,0.75,75,708.11,2.9252483731525,0.976173173657907,0,"TP_40°C,75%SOC",0.205731333172674,0.739909074000325,-1.25301103253555,0.205662051698013,0.739659904411175,-1.23933576638822
TP_40C_50SOC,40,313.15,0.5,50,408.99,2.96553829141535,0.99193906395846,0,"TP_40°C,50%SOC",0.205731333172674,0,-1.29967143052556,0.205662051698013,0,-1.28633697036241
TP_0C_50SOC,0,273.15,0.5,50,5753.1,2.97039469081612,0.989091764935057,0,"TP_0°C,50%SOC",-2.33785605878038,0,-0.466031755804934,-2.3370687692956,0,-0.446608419377859
TP_40C_88SOC,40,313.15,0.875,87.5,1945,2.85103232036458,0.952505284359706,0,"TP_40°C,87.5%SOC",0.205731333172674,1.10986361100049,-1.06006579427039,0.205662051698013,1.10948985661676,-1.0449812625649
TP_40C_75SOC,40,313.15,0.75,75,10302,2.77372172149623,0.925607808405981,0,"TP_40°C,75%SOC",0.205731333172674,0.739909074000325,0.243561331975196,0.205662051698013,0.739659904411175,0.268167512549746
TP_10C_50SOC,10,283.15,0.5,50,12211,2.92987069908431,0.978207276430177,0,"TP_10°C,50%SOC",-1.70195921079212,0,0.541350512782044,-1.7013860640472,0,0.568131735559661
TP_40C_50SOC,40,313.15,0.5,50,10302,2.80893840283054,0.939558169957365,0,"TP_40°C,50%SOC",0.205731333172674,0,0.243561331975196,0.205662051698013,0,0.268167512549746
TP_10C_50SOC,10,283.15,0.5,50,9665.8,2.93631175475028,0.980357776628808,0,"TP_10°C,50%SOC",-1.70195921079212,0,0.144319070671206,-1.7013860640472,0,0.168200389093011
TP_60C_100SOC,60,333.15,1,100,6388.1,2.57914734972377,0.86231994032025,0,"TP_60°C,100%SOC",1.4775250291492,1.47981814800065,-0.366976685185579,1.47702746219482,1.47931980882235,-0.34682985384025
TP_60C_50SOC,60,333.15,0.5,50,708.11,2.87269056820596,0.960497473261531,0,"TP_60°C,50%SOC",1.4775250291492,0,-1.25301103253555,1.47702746219482,0,-1.23933576638822
TP_40C_62SOC,40,313.15,0.625,62.5,3286.7,2.88945996433231,0.964676173350077,0,"TP_40°C,62.5%SOC",0.205731333172674,0.369954537000163,-0.85077100962474,0.205662051698013,0.369829952205587,-0.834157795821889
TP_40C_38SOC,40,313.15,0.375,37.5,708.11,2.95190500360384,0.986372115587648,0,"TP_40°C,37.5%SOC",0.205731333172674,-0.369954537000163,-1.25301103253555,0.205662051698013,-0.369829952205587,-1.23933576638822
TP_40C_12SOC,40,313.15,0.125,12.5,12211,2.86839777861528,0.958035169892508,0,"TP_40°C,12.5%SOC",0.205731333172674,-1.10986361100049,0.541350512782044,0.205662051698013,-1.10948985661676,0.568131735559661
TP_40C_62SOC,40,313.15,0.625,62.5,1945,2.91371520812649,0.972774038022325,0,"TP_40°C,62.5%SOC",0.205731333172674,0.369954537000163,-1.06006579427039,0.205662051698013,0.369829952205587,-1.0449812625649
TP_40C_0SOC,40,313.15,0,0,10939,2.93317548636601,0.979422828357824,0,"TP_40°C,0%SOC",0.205731333172674,-1.47981814800065,0.342928387068942,0.205662051698013,-1.47931980882235,0.368260341285899
TP_25C_0SOC,25,298.15,0,0,14119,2.94975208570381,0.984574097031538,0,"TP_25°C,0%SOC",-0.748113938809723,-1.47981814800065,0.838983701351695,-0.747862006174591,-1.47931980882235,0.867938826970303
TP_40C_62SOC,40,313.15,0.625,62.5,15811,2.74788105919514,0.91740858766945,0,"TP_40°C,62.5%SOC",0.205731333172674,0.369954537000163,1.10292256668705,0.205662051698013,0.369829952205587,1.13380549293823
TP_25C_100SOC,25,298.15,1,100,276.98,2.952967574041,0.985784629251329,0,"TP_25°C,100%SOC",-0.748113938809723,1.47981814800065,-1.32026396575779,-0.747862006174591,1.47931980882235,-1.30707991278229
TP_10C_50SOC,10,283.15,0.5,50,708.11,2.97919454964705,0.994675221427581,0,"TP_10°C,50%SOC",-1.70195921079212,0,-1.25301103253555,-1.7013860640472,0,-1.23933576638822
TP_40C_62SOC,40,313.15,0.625,62.5,408.99,2.96078878862629,0.988490041034302,0,"TP_40°C,62.5%SOC",0.205731333172674,0.369954537000163,-1.29967143052556,0.205662051698013,0.369829952205587,-1.28633697036241
TP_60C_0SOC,60,333.15,0,0,10302,2.82509794324031,0.942934291449521,0,"TP_60°C,0%SOC",1.4775250291492,-1.47981814800065,0.243561331975196,1.47702746219482,-1.47931980882235,0.268167512549746
TP_25C_0SOC,25,298.15,0,0,18239,2.94064573061647,0.981534559783367,0,"TP_25°C,0%SOC",-0.748113938809723,-1.47981814800065,1.48167171859853,-0.747862006174591,-1.47931980882235,1.51532101597022
TP_60C_100SOC,60,333.15,1,100,7663.4,2.54360132537163,0.850435374825672,0,"TP_60°C,100%SOC",1.4775250291492,1.47981814800065,-0.168039785089732,1.47702746219482,1.47931980882235,-0.146439925288891
TP_40C_100SOC,40,313.15,1,100,4483,2.79732606134809,0.934455005948158,0,"TP_40°C,100%SOC",0.205731333172674,1.47981814800065,-0.664157496267363,0.205662051698013,1.47931980882235,-0.646181263613004
TP_60C_50SOC,60,333.15,0.5,50,20163,2.40750571375196,0.804960750215986,0,"TP_60°C,50%SOC",1.4775250291492,0,1.78180078296332,1.47702746219482,0,1.81764221296921
TP_40C_12SOC,40,313.15,0.125,12.5,3872.7,2.94295478130857,0.982936956971852,0,"TP_40°C,12.5%SOC",0.205731333172674,-1.10986361100049,-0.759359558627981,0.205662051698013,-1.10948985661676,-0.742078678648599
TP_10C_50SOC,10,283.15,0.5,50,3286.7,2.96279303729644,0.989199184983092,0,"TP_10°C,50%SOC",-1.70195921079212,0,-0.85077100962474,-1.7013860640472,0,-0.834157795821889
TP_25C_50SOC,25,298.15,0.5,50,708.11,2.97453973103945,0.993793662001793,0,"TP_25°C,50%SOC",-0.748113938809723,0,-1.25301103253555,-0.747862006174591,0,-1.23933576638822
TP_40C_88SOC,40,313.15,0.875,87.5,19190,2.62925294574793,0.878410709992574,0,"TP_40°C,87.5%SOC",0.205731333172674,1.10986361100049,1.63002033617177,0.205662051698013,1.10948985661676,1.66475316687773
TP_25C_100SOC,25,298.15,1,100,8300.1,2.7814245912565,0.928518698811912,0,"TP_25°C,100%SOC",-0.748113938809723,1.47981814800065,-0.0687195276671444,-0.747862006174591,1.47931980882235,-0.0463942360325203
TP_40C_75SOC,40,313.15,0.75,75,11575,2.76309607460062,0.922061965411092,0,"TP_40°C,75%SOC",0.205731333172674,0.739909074000325,0.442139449925493,0.205662051698013,0.739659904411175,0.46819603842278
TP_60C_100SOC,60,333.15,1,100,8300.1,2.52991580437002,0.845859716263697,0,"TP_60°C,100%SOC",1.4775250291492,1.47981814800065,-0.0687195276671444,1.47702746219482,1.47931980882235,-0.0463942360325203
TP_40C_75SOC,40,313.15,0.75,75,1285.6,2.90306301233415,0.968769783820122,0,"TP_40°C,75%SOC",0.205731333172674,0.739909074000325,-1.16292707547732,0.205662051698013,0.739659904411175,-1.14859383912474
TP_40C_88SOC,40,313.15,0.875,87.5,1009.1,2.88361983752251,0.96339249250371,0,"TP_40°C,87.5%SOC",0.205731333172674,1.10986361100049,-1.20605892906197,0.205662051698013,1.10948985661676,-1.1920407263234
TP_10C_50SOC,10,283.15,0.5,50,1285.6,2.97329339620611,0.99270498047563,0,"TP_10°C,50%SOC",-1.70195921079212,0,-1.16292707547732,-1.7013860640472,0,-1.14859383912474
TP_40C_62SOC,40,313.15,0.625,62.5,12844,2.77654248433989,0.926977501678537,0,"TP_40°C,62.5%SOC",0.205731333172674,0.369954537000163,0.640093598927007,0.205662051698013,0.369829952205587,0.667596037898726
TP_60C_100SOC,60,333.15,1,100,9031.6,2.51153016296106,0.839712605202275,0,"TP_60°C,100%SOC",1.4775250291492,1.47981814800065,0.0453887938416083,1.47702746219482,1.47931980882235,0.0685475288348198
TP_40C_88SOC,40,313.15,0.875,87.5,12844,2.68478596398507,0.89696381195129,0,"TP_40°C,87.5%SOC",0.205731333172674,1.10986361100049,0.640093598927007,0.205662051698013,1.10948985661676,0.667596037898726
TP_40C_88SOC,40,313.15,0.875,87.5,15148,2.66408773440204,0.890048712142038,0,"TP_40°C,87.5%SOC",0.205731333172674,1.10986361100049,0.999499713426209,0.205662051698013,1.10948985661676,1.02962724262101
TP_0C_50SOC,0,273.15,0.5,50,408.99,2.99558409556572,0.997479415531955,0,"TP_0°C,50%SOC",-2.33785605878038,0,-1.29967143052556,-2.3370687692956,0,-1.28633697036241
TP_0C_50SOC,0,273.15,0.5,50,708.11,2.99302360604556,0.996626815334943,0,"TP_0°C,50%SOC",-2.33785605878038,0,-1.25301103253555,-2.3370687692956,0,-1.23933576638822
TP_25C_100SOC,25,298.15,1,100,10302,2.75351670051921,0.919202250515801,0,"TP_25°C,100%SOC",-0.748113938809723,1.47981814800065,0.243561331975196,-0.747862006174591,1.47931980882235,0.268167512549746
TP_25C_0SOC,25,298.15,0,0,7026.7,2.96915371899428,0.991050012641695,0,"TP_25°C,0%SOC",-0.748113938809723,-1.47981814800065,-0.26736004251232,-0.747862006174591,-1.47931980882235,-0.246485614545262
TP_25C_0SOC,25,298.15,0,0,10939,2.9571845682343,0.987054925780377,0,"TP_25°C,0%SOC",-0.748113938809723,-1.47981814800065,0.342928387068942,-0.747862006174591,-1.47931980882235,0.368260341285899
TP_25C_50SOC,25,298.15,0.5,50,1009.1,2.96376912979603,0.990195204351366,0,"TP_25°C,50%SOC",-0.748113938809723,0,-1.20605892906197,-0.747862006174591,0,-1.1920407263234
TP_60C_0SOC,60,333.15,0,0,6388.1,2.89419803013934,0.965997860496796,0,"TP_60°C,0%SOC",1.4775250291492,-1.47981814800065,-0.366976685185579,1.47702746219482,-1.47931980882235,-0.34682985384025
TP_40C_75SOC,40,313.15,0.75,75,7663.4,2.80185038637231,0.934994514955365,0,"TP_40°C,75%SOC",0.205731333172674,0.739909074000325,-0.168039785089732,0.205662051698013,0.739659904411175,-0.146439925288891
TP_40C_75SOC,40,313.15,0.75,75,7026.7,2.80704420514774,0.936727723869844,0,"TP_40°C,75%SOC",0.205731333172674,0.739909074000325,-0.26736004251232,0.205662051698013,0.739659904411175,-0.246485614545262
TP_60C_0SOC,60,333.15,0,0,14695,2.75568269023001,0.919765529258578,0,"TP_60°C,0%SOC",1.4775250291492,-1.47981814800065,0.928835229976496,1.47702746219482,-1.47931980882235,0.958446628150874
TP_40C_0SOC,40,313.15,0,0,3872.7,2.96987421127762,0.99167697718633,0,"TP_40°C,0%SOC",0.205731333172674,-1.47981814800065,-0.759359558627981,0.205662051698013,-1.47931980882235,-0.742078678648599
TP_40C_100SOC,40,313.15,1,100,0,2.99353745610228,1,0,"TP_40°C,100%SOC",0.205731333172674,1.47981814800065,-1.36347069561629,0.205662051698013,1.47931980882235,-1.3506022231486
TP_10C_50SOC,10,283.15,0.5,50,5753.1,2.95111775940241,0.985301114739291,0,"TP_10°C,50%SOC",-1.70195921079212,0,-0.466031755804934,-1.7013860640472,0,-0.446608419377859
TP_25C_50SOC,25,298.15,0.5,50,160.33,2.98576569576823,0.997544256583167,0,"TP_25°C,50%SOC",-0.748113938809723,0,-1.33846046022668,-0.747862006174591,0,-1.32540931383734
TP_25C_100SOC,25,298.15,1,100,6388.1,2.80886617480379,0.93767948049507,0,"TP_25°C,100%SOC",-0.748113938809723,1.47981814800065,-0.366976685185579,-0.747862006174591,1.47931980882235,-0.34682985384025
TP_10C_50SOC,10,283.15,0.5,50,3872.7,2.95961372858907,0.98813769687287,0,"TP_10°C,50%SOC",-1.70195921079212,0,-0.759359558627981,-1.7013860640472,0,-0.742078678648599
TP_40C_38SOC,40,313.15,0.375,37.5,19190,2.73150522253323,0.912726047010149,0,"TP_40°C,37.5%SOC",0.205731333172674,-0.369954537000163,1.63002033617177,0.205662051698013,-0.369829952205587,1.66475316687773
TP_60C_100SOC,60,333.15,1,100,160.33,2.91424906428095,0.974358863001077,0,"TP_60°C,100%SOC",1.4775250291492,1.47981814800065,-1.33846046022668,1.47702746219482,1.47931980882235,-1.32540931383734
TP_40C_100SOC,40,313.15,1,100,6388.1,2.76585149128599,0.923940833159727,0,"TP_40°C,100%SOC",0.205731333172674,1.47981814800065,-0.366976685185579,0.205662051698013,1.47931980882235,-0.34682985384025
TP_40C_25SOC,40,313.15,0.25,25,3286.7,2.92582391474432,0.975563147598136,0,"TP_40°C,25%SOC",0.205731333172674,-0.739909074000325,-0.85077100962474,0.205662051698013,-0.739659904411175,-0.834157795821889
TP_25C_50SOC,25,298.15,0.5,50,20163,2.85696189841292,0.954510910577485,0,"TP_25°C,50%SOC",-0.748113938809723,0,1.78180078296332,-0.747862006174591,0,1.81764221296921
TP_40C_75SOC,40,313.15,0.75,75,12211,2.75671006528925,0.919930915263794,0,"TP_40°C,75%SOC",0.205731333172674,0.739909074000325,0.541350512782044,0.205662051698013,0.739659904411175,0.568131735559661
TP_40C_100SOC,40,313.15,1,100,3872.7,2.8087481777221,0.9382705975489,0,"TP_40°C,100%SOC",0.205731333172674,1.47981814800065,-0.759359558627981,0.205662051698013,1.47931980882235,-0.742078678648599
TP_40C_12SOC,40,313.15,0.125,12.5,5753.1,2.9244433250141,0.976754193092921,0,"TP_40°C,12.5%SOC",0.205731333172674,-1.10986361100049,-0.466031755804934,0.205662051698013,-1.10948985661676,-0.446608419377859
TP_40C_38SOC,40,313.15,0.375,37.5,408.99,2.96345211573732,0.990230555954165,0,"TP_40°C,37.5%SOC",0.205731333172674,-0.369954537000163,-1.29967143052556,0.205662051698013,-0.369829952205587,-1.28633697036241
TP_40C_38SOC,40,313.15,0.375,37.5,14695,2.76716125368205,0.924640425973829,0,"TP_40°C,37.5%SOC",0.205731333172674,-0.369954537000163,0.928835229976496,0.205662051698013,-0.369829952205587,0.958446628150874
TP_25C_50SOC,25,298.15,0.5,50,1945,2.95279505260237,0.986528765390214,0,"TP_25°C,50%SOC",-0.748113938809723,0,-1.06006579427039,-0.747862006174591,0,-1.0449812625649
TP_60C_0SOC,60,333.15,0,0,3872.7,2.91497190557335,0.97293156683427,0,"TP_60°C,0%SOC",1.4775250291492,-1.47981814800065,-0.759359558627981,1.47702746219482,-1.47931980882235,-0.742078678648599
TP_25C_0SOC,25,298.15,0,0,9665.8,2.96012435615525,0.98803617401875,0,"TP_25°C,0%SOC",-0.748113938809723,-1.47981814800065,0.144319070671206,-0.747862006174591,-1.47931980882235,0.168200389093011
TP_40C_0SOC,40,313.15,0,0,10302,2.93584928913963,0.980315643495268,0,"TP_40°C,0%SOC",0.205731333172674,-1.47981814800065,0.243561331975196,0.205662051698013,-1.47931980882235,0.268167512549746
TP_60C_100SOC,60,333.15,1,100,3286.7,2.67745628628755,0.895188848069823,0,"TP_60°C,100%SOC",1.4775250291492,1.47981814800065,-0.85077100962474,1.47702746219482,1.47931980882235,-0.834157795821889
TP_40C_38SOC,40,313.15,0.375,37.5,15148,2.76504422374046,0.923933025397016,0,"TP_40°C,37.5%SOC",0.205731333172674,-0.369954537000163,0.999499713426209,0.205662051698013,-0.369829952205587,1.02962724262101
TP_25C_0SOC,25,298.15,0,0,5118.6,2.97465948771311,0.992887739036085,0,"TP_25°C,0%SOC",-0.748113938809723,-1.47981814800065,-0.565008830305691,-0.747862006174591,-1.47931980882235,-0.546308419115832
TP_0C_50SOC,0,273.15,0.5,50,9665.8,2.95779563543141,0.984896490157094,0,"TP_0°C,50%SOC",-2.33785605878038,0,0.144319070671206,-2.3370687692956,0,0.168200389093011
TP_10C_50SOC,10,283.15,0.5,50,1009.1,2.97622507921279,0.993683792834215,0,"TP_10°C,50%SOC",-1.70195921079212,0,-1.20605892906197,-1.7013860640472,0,-1.1920407263234
TP_10C_50SOC,10,283.15,0.5,50,20163,2.90918939187331,0.971302328301848,0,"TP_10°C,50%SOC",-1.70195921079212,0,1.78180078296332,-1.7013860640472,0,1.81764221296921
TP_40C_62SOC,40,313.15,0.625,62.5,11575,2.7892180665391,0.931209376243978,0,"TP_40°C,62.5%SOC",0.205731333172674,0.369954537000163,0.442139449925493,0.205662051698013,0.369829952205587,0.46819603842278
TP_40C_0SOC,40,313.15,0,0,9031.6,2.93929676500226,0.981466797449666,0,"TP_40°C,0%SOC",0.205731333172674,-1.47981814800065,0.0453887938416083,0.205662051698013,-1.47931980882235,0.0685475288348198
TP_10C_50SOC,10,283.15,0.5,50,5118.6,2.95384937812907,0.986213130861944,0,"TP_10°C,50%SOC",-1.70195921079212,0,-0.565008830305691,-1.7013860640472,0,-0.546308419115832
TP_40C_75SOC,40,313.15,0.75,75,15148,2.72867605175841,0.910575794443993,0,"TP_40°C,75%SOC",0.205731333172674,0.739909074000325,0.999499713426209,0.205662051698013,0.739659904411175,1.02962724262101
TP_60C_0SOC,60,333.15,0,0,18239,2.70532476885442,0.902957541760382,0,"TP_60°C,0%SOC",1.4775250291492,-1.47981814800065,1.48167171859853,1.47702746219482,-1.47931980882235,1.51532101597022
TP_40C_100SOC,40,313.15,1,100,14695,2.66883439703043,0.891531987211335,0,"TP_40°C,100%SOC",0.205731333172674,1.47981814800065,0.928835229976496,0.205662051698013,1.47931980882235,0.958446628150874
TP_60C_0SOC,60,333.15,0,0,160.33,2.99504699066948,0.999658266277928,0,"TP_60°C,0%SOC",1.4775250291492,-1.47981814800065,-1.33846046022668,1.47702746219482,-1.47931980882235,-1.32540931383734
TP_40C_0SOC,40,313.15,0,0,5753.1,2.95902279454768,0.988053557682543,0,"TP_40°C,0%SOC",0.205731333172674,-1.47981814800065,-0.466031755804934,0.205662051698013,-1.47931980882235,-0.446608419377859
TP_40C_62SOC,40,313.15,0.625,62.5,2579.2,2.90142161414131,0.968669694183429,0,"TP_40°C,62.5%SOC",0.205731333172674,0.369954537000163,-0.961135517440793,0.205662051698013,0.369829952205587,-0.945328402306705
TP_40C_12SOC,40,313.15,0.125,12.5,12844,2.86307937229944,0.956258840146216,0,"TP_40°C,12.5%SOC",0.205731333172674,-1.10986361100049,0.640093598927007,0.205662051698013,-1.10948985661676,0.667596037898726
TP_25C_100SOC,25,298.15,1,100,9665.8,2.76087888231205,0.921659956354813,0,"TP_25°C,100%SOC",-0.748113938809723,1.47981814800065,0.144319070671206,-0.747862006174591,1.47931980882235,0.168200389093011
TP_40C_38SOC,40,313.15,0.375,37.5,9665.8,2.81617189402308,0.941017216195896,0,"TP_40°C,37.5%SOC",0.205731333172674,-0.369954537000163,0.144319070671206,0.205662051698013,-0.369829952205587,0.168200389093011
TP_40C_25SOC,40,313.15,0.25,25,1945,2.94506104690745,0.981977421919038,0,"TP_40°C,25%SOC",0.205731333172674,-0.739909074000325,-1.06006579427039,0.205662051698013,-0.739659904411175,-1.0449812625649
TP_40C_50SOC,40,313.15,0.5,50,1945,2.92008771936436,0.976736360952687,0,"TP_40°C,50%SOC",0.205731333172674,0,-1.06006579427039,0.205662051698013,0,-1.0449812625649
TP_40C_12SOC,40,313.15,0.125,12.5,10939,2.87869786776903,0.961475364880765,0,"TP_40°C,12.5%SOC",0.205731333172674,-1.10986361100049,0.342928387068942,0.205662051698013,-1.10948985661676,0.368260341285899
TP_40C_62SOC,40,313.15,0.625,62.5,276.98,2.96911373808719,0.991269411743157,0,"TP_40°C,62.5%SOC",0.205731333172674,0.369954537000163,-1.32026396575779,0.205662051698013,0.369829952205587,-1.30707991278229
TP_40C_75SOC,40,313.15,0.75,75,1009.1,2.91257597932197,0.971944318762396,0,"TP_40°C,75%SOC",0.205731333172674,0.739909074000325,-1.20605892906197,0.205662051698013,0.739659904411175,-1.1920407263234
TP_25C_100SOC,25,298.15,1,100,1285.6,2.90677716969118,0.970364957519327,0,"TP_25°C,100%SOC",-0.748113938809723,1.47981814800065,-1.16292707547732,-0.747862006174591,1.47931980882235,-1.14859383912474
TP_25C_50SOC,25,298.15,0.5,50,276.98,2.98455331768978,0.997139201092484,0,"TP_25°C,50%SOC",-0.748113938809723,0,-1.32026396575779,-0.747862006174591,0,-1.30707991278229
TP_40C_50SOC,40,313.15,0.5,50,10939,2.80236478854221,0.937359370224155,0,"TP_40°C,50%SOC",0.205731333172674,0,0.342928387068942,0.205662051698013,0,0.368260341285899
TP_60C_0SOC,60,333.15,0,0,14119,2.7656082718895,0.923078395395383,0,"TP_60°C,0%SOC",1.4775250291492,-1.47981814800065,0.838983701351695,1.47702746219482,-1.47931980882235,0.867938826970303
TP_40C_38SOC,40,313.15,0.375,37.5,160.33,2.97989014715114,0.995723285497274,0,"TP_40°C,37.5%SOC",0.205731333172674,-0.369954537000163,-1.33846046022668,0.205662051698013,-0.369829952205587,-1.32540931383734
TP_40C_75SOC,40,313.15,0.75,75,3286.7,2.86136501558144,0.954854908694013,0,"TP_40°C,75%SOC",0.205731333172674,0.739909074000325,-0.85077100962474,0.205662051698013,0.739659904411175,-0.834157795821889
TP_40C_25SOC,40,313.15,0.25,25,8300.1,2.87079447489836,0.957214574645352,0,"TP_40°C,25%SOC",0.205731333172674,-0.739909074000325,-0.0687195276671444,0.205662051698013,-0.739659904411175,-0.0463942360325203
TP_40C_88SOC,40,313.15,0.875,87.5,408.99,2.91755299035328,0.974729265908706,0,"TP_40°C,87.5%SOC",0.205731333172674,1.10986361100049,-1.29967143052556,0.205662051698013,1.10948985661676,-1.28633697036241
TP_25C_100SOC,25,298.15,1,100,3286.7,2.86439043770762,0.956215059890615,0,"TP_25°C,100%SOC",-0.748113938809723,1.47981814800065,-0.85077100962474,-0.747862006174591,1.47931980882235,-0.834157795821889
TP_25C_0SOC,25,298.15,0,0,6388.1,2.97420827575053,0.992737132612996,0,"TP_25°C,0%SOC",-0.748113938809723,-1.47981814800065,-0.366976685185579,-0.747862006174591,-1.47931980882235,-0.34682985384025
TP_60C_100SOC,60,333.15,1,100,15148,2.39435620323389,0.800536308442866,0,"TP_60°C,100%SOC",1.4775250291492,1.47981814800065,0.999499713426209,1.47702746219482,1.47931980882235,1.02962724262101
TP_40C_75SOC,40,313.15,0.75,75,5118.6,2.8325088422585,0.945225428151163,0,"TP_40°C,75%SOC",0.205731333172674,0.739909074000325,-0.565008830305691,0.205662051698013,0.739659904411175,-0.546308419115832
TP_40C_0SOC,40,313.15,0,0,15811,2.90966446425874,0.97157221325589,0,"TP_40°C,0%SOC",0.205731333172674,-1.47981814800065,1.10292256668705,0.205662051698013,-1.47931980882235,1.13380549293823
TP_40C_50SOC,40,313.15,0.5,50,3286.7,2.89622595209746,0.968754869310633,0,"TP_40°C,50%SOC",0.205731333172674,0,-0.85077100962474,0.205662051698013,0,-0.834157795821889
TP_60C_50SOC,60,333.15,0.5,50,276.98,2.92338653423117,0.977447905657797,0,"TP_60°C,50%SOC",1.4775250291492,0,-1.32026396575779,1.47702746219482,0,-1.30707991278229
TP_10C_50SOC,10,283.15,0.5,50,15148,2.91780637447082,0.974179313651539,0,"TP_10°C,50%SOC",-1.70195921079212,0,0.999499713426209,-1.7013860640472,0,1.02962724262101
TP_40C_25SOC,40,313.15,0.25,25,160.33,2.99060839208556,0.997164361639769,0,"TP_40°C,25%SOC",0.205731333172674,-0.739909074000325,-1.33846046022668,0.205662051698013,-0.739659904411175,-1.32540931383734
TP_40C_38SOC,40,313.15,0.375,37.5,6388.1,2.85395550707285,0.953642521648797,0,"TP_40°C,37.5%SOC",0.205731333172674,-0.369954537000163,-0.366976685185579,0.205662051698013,-0.369829952205587,-0.34682985384025
TP_40C_38SOC,40,313.15,0.375,37.5,2579.2,2.90786917299756,0.971657646340248,0,"TP_40°C,37.5%SOC",0.205731333172674,-0.369954537000163,-0.961135517440793,0.205662051698013,-0.369829952205587,-0.945328402306705
TP_40C_50SOC,40,313.15,0.5,50,0,2.98963756864357,1,0,"TP_40°C,50%SOC",0.205731333172674,0,-1.36347069561629,0.205662051698013,0,-1.3506022231486
TP_0C_50SOC,0,273.15,0.5,50,14119,2.94778239293184,0.981562247833256,0,"TP_0°C,50%SOC",-2.33785605878038,0,0.838983701351695,-2.3370687692956,0,0.867938826970303
TP_40C_12SOC,40,313.15,0.125,12.5,20163,2.80903370903091,0.938207771156609,0,"TP_40°C,12.5%SOC",0.205731333172674,-1.10986361100049,1.78180078296332,0.205662051698013,-1.10948985661676,1.81764221296921
TP_10C_50SOC,10,283.15,0.5,50,18239,2.91373336272097,0.972819441445597,0,"TP_10°C,50%SOC",-1.70195921079212,0,1.48167171859853,-1.7013860640472,0,1.51532101597022
TP_40C_0SOC,40,313.15,0,0,13481,2.92291858899488,0.975997926070148,0,"TP_40°C,0%SOC",0.205731333172674,-1.47981814800065,0.739460654020753,0.205662051698013,-1.47931980882235,0.767688866634879
TP_25C_50SOC,25,298.15,0.5,50,5753.1,2.92429617488237,0.977007290939307,0,"TP_25°C,50%SOC",-0.748113938809723,0,-0.466031755804934,-0.747862006174591,0,-0.446608419377859
TP_40C_50SOC,40,313.15,0.5,50,13481,2.77800720584352,0.929212033920196,0,"TP_40°C,50%SOC",0.205731333172674,0,0.739460654020753,0.205662051698013,0,0.767688866634879
TP_0C_50SOC,0,273.15,0.5,50,3872.7,2.97723338949598,0.991368937247557,0,"TP_0°C,50%SOC",-2.33785605878038,0,-0.759359558627981,-2.3370687692956,0,-0.742078678648599
TP_60C_0SOC,60,333.15,0,0,8300.1,2.85846775355589,0.954072148995669,0,"TP_60°C,0%SOC",1.4775250291492,-1.47981814800065,-0.0687195276671444,1.47702746219482,-1.47931980882235,-0.0463942360325203
TP_25C_50SOC,25,298.15,0.5,50,12844,2.88676699536235,0.964468792845657,0,"TP_25°C,50%SOC",-0.748113938809723,0,0.640093598927007,-0.747862006174591,0,0.667596037898726
TP_10C_50SOC,10,283.15,0.5,50,10939,2.93326683130805,0.979341156247474,0,"TP_10°C,50%SOC",-1.70195921079212,0,0.342928387068942,-1.7013860640472,0,0.368260341285899
TP_40C_88SOC,40,313.15,0.875,87.5,7026.7,2.75363527474813,0.919965772279103,0,"TP_40°C,87.5%SOC",0.205731333172674,1.10986361100049,-0.26736004251232,0.205662051698013,1.10948985661676,-0.246485614545262
TP_60C_50SOC,60,333.15,0.5,50,3286.7,2.75322507411253,0.920553628808301,0,"TP_60°C,50%SOC",1.4775250291492,0,-0.85077100962474,1.47702746219482,0,-0.834157795821889
TP_60C_100SOC,60,333.15,1,100,14695,2.4022289765101,0.80316851531636,0,"TP_60°C,100%SOC",1.4775250291492,1.47981814800065,0.928835229976496,1.47702746219482,1.47931980882235,0.958446628150874
TP_60C_100SOC,60,333.15,1,100,10302,2.48464792464254,0.830724716183455,0,"TP_60°C,100%SOC",1.4775250291492,1.47981814800065,0.243561331975196,1.47702746219482,1.47931980882235,0.268167512549746
TP_40C_38SOC,40,313.15,0.375,37.5,15811,2.75807913253349,0.921605656548529,0,"TP_40°C,37.5%SOC",0.205731333172674,-0.369954537000163,1.10292256668705,0.205662051698013,-0.369829952205587,1.13380549293823
TP_25C_0SOC,25,298.15,0,0,1945,2.98634665841445,0.996788706034598,0,"TP_25°C,0%SOC",-0.748113938809723,-1.47981814800065,-1.06006579427039,-0.747862006174591,-1.47931980882235,-1.0449812625649
TP_40C_50SOC,40,313.15,0.5,50,9665.8,2.81525729814096,0.94167176906941,0,"TP_40°C,50%SOC",0.205731333172674,0,0.144319070671206,0.205662051698013,0,0.168200389093011
TP_40C_0SOC,40,313.15,0,0,160.33,3.0011,1.00210364632029,0,"TP_40°C,0%SOC",0.205731333172674,-1.47981814800065,-1.33846046022668,0.205662051698013,-1.47931980882235,-1.32540931383734
TP_0C_50SOC,0,273.15,0.5,50,11575,2.95346787385952,0.983455417916898,0,"TP_0°C,50%SOC",-2.33785605878038,0,0.442139449925493,-2.3370687692956,0,0.46819603842278
TP_40C_12SOC,40,313.15,0.125,12.5,18239,2.82222944950146,0.942615103904462,0,"TP_40°C,12.5%SOC",0.205731333172674,-1.10986361100049,1.48167171859853,0.205662051698013,-1.10948985661676,1.51532101597022
TP_25C_100SOC,25,298.15,1,100,19190,2.67743919940535,0.893805415179995,0,"TP_25°C,100%SOC",-0.748113938809723,1.47981814800065,1.63002033617177,-0.747862006174591,1.47931980882235,1.66475316687773
TP_10C_50SOC,10,283.15,0.5,50,160.33,2.98693362811535,0.997259097525909,0,"TP_10°C,50%SOC",-1.70195921079212,0,-1.33846046022668,-1.7013860640472,0,-1.32540931383734
TP_40C_25SOC,40,313.15,0.25,25,10939,2.84488255150425,0.948574711726982,0,"TP_40°C,25%SOC",0.205731333172674,-0.739909074000325,0.342928387068942,0.205662051698013,-0.739659904411175,0.368260341285899
TP_60C_0SOC,60,333.15,0,0,10939,2.81607831247043,0.939923804974359,0,"TP_60°C,0%SOC",1.4775250291492,-1.47981814800065,0.342928387068942,1.47702746219482,-1.47931980882235,0.368260341285899
TP_40C_0SOC,40,313.15,0,0,1009.1,2.99091049212937,0.998701246203209,0,"TP_40°C,0%SOC",0.205731333172674,-1.47981814800065,-1.20605892906197,0.205662051698013,-1.47931980882235,-1.1920407263234
TP_40C_50SOC,40,313.15,0.5,50,5753.1,2.86085917234156,0.956925080935333,0,"TP_40°C,50%SOC",0.205731333172674,0,-0.466031755804934,0.205662051698013,0,-0.446608419377859
TP_25C_100SOC,25,298.15,1,100,14695,2.70508880710757,0.903035641247251,0,"TP_25°C,100%SOC",-0.748113938809723,1.47981814800065,0.928835229976496,-0.747862006174591,1.47931980882235,0.958446628150874
TP_40C_88SOC,40,313.15,0.875,87.5,276.98,2.9302944582375,0.978986080327655,0,"TP_40°C,87.5%SOC",0.205731333172674,1.10986361100049,-1.32026396575779,0.205662051698013,1.10948985661676,-1.30707991278229
TP_10C_50SOC,10,283.15,0.5,50,4483,2.95630505321135,0.987033016611436,0,"TP_10°C,50%SOC",-1.70195921079212,0,-0.664157496267363,-1.7013860640472,0,-0.646181263613004
TP_25C_50SOC,25,298.15,0.5,50,5118.6,2.92901314245862,0.978583229707994,0,"TP_25°C,50%SOC",-0.748113938809723,0,-0.565008830305691,-0.747862006174591,0,-0.546308419115832
TP_10C_50SOC,10,283.15,0.5,50,13481,2.92630124080085,0.977015527570104,0,"TP_10°C,50%SOC",-1.70195921079212,0,0.739460654020753,-1.7013860640472,0,0.767688866634879
TP_40C_100SOC,40,313.15,1,100,20163,2.59347190483089,0.866356924829565,0,"TP_40°C,100%SOC",0.205731333172674,1.47981814800065,1.78180078296332,0.205662051698013,1.47931980882235,1.81764221296921
TP_25C_0SOC,25,298.15,0,0,3286.7,2.9813581772835,0.995123640916459,0,"TP_25°C,0%SOC",-0.748113938809723,-1.47981814800065,-0.85077100962474,-0.747862006174591,-1.47931980882235,-0.834157795821889
TP_40C_38SOC,40,313.15,0.375,37.5,12844,2.78351009689924,0.930103353490759,0,"TP_40°C,37.5%SOC",0.205731333172674,-0.369954537000163,0.640093598927007,0.205662051698013,-0.369829952205587,0.667596037898726
TP_40C_88SOC,40,313.15,0.875,87.5,708.11,2.89885946041828,0.968483918944647,0,"TP_40°C,87.5%SOC",0.205731333172674,1.10986361100049,-1.25301103253555,0.205662051698013,1.10948985661676,-1.23933576638822
TP_60C_50SOC,60,333.15,0.5,50,7663.4,2.62464846027452,0.877563439026372,0,"TP_60°C,50%SOC",1.4775250291492,0,-0.168039785089732,1.47702746219482,0,-0.146439925288891
TP_40C_12SOC,40,313.15,0.125,12.5,9031.6,2.89194863143169,0.96590107518894,0,"TP_40°C,12.5%SOC",0.205731333172674,-1.10986361100049,0.0453887938416083,0.205662051698013,-1.10948985661676,0.0685475288348198
TP_40C_100SOC,40,313.15,1,100,5118.6,2.78626992590091,0.930761671353449,0,"TP_40°C,100%SOC",0.205731333172674,1.47981814800065,-0.565008830305691,0.205662051698013,1.47931980882235,-0.546308419115832
TP_40C_75SOC,40,313.15,0.75,75,18239,2.70223857361827,0.901753447194292,0,"TP_40°C,75%SOC",0.205731333172674,0.739909074000325,1.48167171859853,0.205662051698013,0.739659904411175,1.51532101597022
TP_40C_88SOC,40,313.15,0.875,87.5,13481,2.67848862364132,0.894859924909397,0,"TP_40°C,87.5%SOC",0.205731333172674,1.10986361100049,0.739460654020753,0.205662051698013,1.10948985661676,0.767688866634879
TP_25C_100SOC,25,298.15,1,100,160.33,2.96357549568905,0.989325855440494,0,"TP_25°C,100%SOC",-0.748113938809723,1.47981814800065,-1.33846046022668,-0.747862006174591,1.47931980882235,-1.32540931383734
TP_40C_50SOC,40,313.15,0.5,50,19190,2.72992519971184,0.913129145935384,0,"TP_40°C,50%SOC",0.205731333172674,0,1.63002033617177,0.205662051698013,0,1.66475316687773
TP_40C_50SOC,40,313.15,0.5,50,7026.7,2.8450704886893,0.951643944580258,0,"TP_40°C,50%SOC",0.205731333172674,0,-0.26736004251232,0.205662051698013,0,-0.246485614545262
TP_40C_25SOC,40,313.15,0.25,25,1009.1,2.96273916569936,0.987871871385166,0,"TP_40°C,25%SOC",0.205731333172674,-0.739909074000325,-1.20605892906197,0.205662051698013,-0.739659904411175,-1.1920407263234
TP_60C_0SOC,60,333.15,0,0,5753.1,2.89405991913082,0.965951763119439,0,"TP_60°C,0%SOC",1.4775250291492,-1.47981814800065,-0.466031755804934,1.47702746219482,-1.47931980882235,-0.446608419377859
TP_60C_50SOC,60,333.15,0.5,50,3872.7,2.7363444040512,0.914909498138497,0,"TP_60°C,50%SOC",1.4775250291492,0,-0.759359558627981,1.47702746219482,0,-0.742078678648599
TP_40C_100SOC,40,313.15,1,100,15148,2.66464728798699,0.890133271108784,0,"TP_40°C,100%SOC",0.205731333172674,1.47981814800065,0.999499713426209,0.205662051698013,1.47931980882235,1.02962724262101
TP_25C_0SOC,25,298.15,0,0,14695,2.94801419714693,0.983994021144848,0,"TP_25°C,0%SOC",-0.748113938809723,-1.47981814800065,0.928835229976496,-0.747862006174591,-1.47931980882235,0.958446628150874
TP_25C_100SOC,25,298.15,1,100,13481,2.71689957775423,0.906978412669952,0,"TP_25°C,100%SOC",-0.748113938809723,1.47981814800065,0.739460654020753,-0.747862006174591,1.47931980882235,0.767688866634879
TP_40C_0SOC,40,313.15,0,0,18239,2.90382736869431,0.969623136334416,0,"TP_40°C,0%SOC",0.205731333172674,-1.47981814800065,1.48167171859853,0.205662051698013,-1.47931980882235,1.51532101597022
TP_40C_25SOC,40,313.15,0.25,25,408.99,2.98063243873549,0.993838060148609,0,"TP_40°C,25%SOC",0.205731333172674,-0.739909074000325,-1.29967143052556,0.205662051698013,-0.739659904411175,-1.28633697036241
TP_40C_88SOC,40,313.15,0.875,87.5,15811,2.6560721728172,0.88737078221745,0,"TP_40°C,87.5%SOC",0.205731333172674,1.10986361100049,1.10292256668705,0.205662051698013,1.10948985661676,1.13380549293823
TP_40C_38SOC,40,313.15,0.375,37.5,14119,2.7732502850305,0.926675061480635,0,"TP_40°C,37.5%SOC",0.205731333172674,-0.369954537000163,0.838983701351695,0.205662051698013,-0.369829952205587,0.867938826970303
TP_25C_50SOC,25,298.15,0.5,50,15148,2.874207771905,0.96027275655092,0,"TP_25°C,50%SOC",-0.748113938809723,0,0.999499713426209,-0.747862006174591,0,1.02962724262101
TP_40C_75SOC,40,313.15,0.75,75,21241,2.67964535211691,0.894213951765954,0,"TP_40°C,75%SOC",0.205731333172674,0.739909074000325,1.94996041466043,0.205662051698013,0.739659904411175,1.98703007698424
TP_40C_12SOC,40,313.15,0.125,12.5,5118.6,2.93062461836519,0.97881872419454,0,"TP_40°C,12.5%SOC",0.205731333172674,-1.10986361100049,-0.565008830305691,0.205662051698013,-1.10948985661676,-0.546308419115832
TP_40C_12SOC,40,313.15,0.125,12.5,21241,2.79920026653544,0.934923434576093,0,"TP_40°C,12.5%SOC",0.205731333172674,-1.10986361100049,1.94996041466043,0.205662051698013,-1.10948985661676,1.98703007698424
TP_25C_0SOC,25,298.15,0,0,10302,2.95836012928635,0.987447306878075,0,"TP_25°C,0%SOC",-0.748113938809723,-1.47981814800065,0.243561331975196,-0.747862006174591,-1.47931980882235,0.268167512549746
TP_60C_100SOC,60,333.15,1,100,20163,2.32904149612648,0.77869879134989,0,"TP_60°C,100%SOC",1.4775250291492,1.47981814800065,1.78180078296332,1.47702746219482,1.47931980882235,1.81764221296921
TP_40C_75SOC,40,313.15,0.75,75,19190,2.69472628876252,0.899246552047759,0,"TP_40°C,75%SOC",0.205731333172674,0.739909074000325,1.63002033617177,0.205662051698013,0.739659904411175,1.66475316687773
TP_40C_25SOC,40,313.15,0.25,25,11575,2.83877939442901,0.946539724215737,0,"TP_40°C,25%SOC",0.205731333172674,-0.739909074000325,0.442139449925493,0.205662051698013,-0.739659904411175,0.46819603842278
TP_25C_0SOC,25,298.15,0,0,15148,2.94384772129291,0.982603326577105,0,"TP_25°C,0%SOC",-0.748113938809723,-1.47981814800065,0.999499713426209,-0.747862006174591,-1.47931980882235,1.02962724262101
TP_60C_100SOC,60,333.15,1,100,5118.6,2.62242393901541,0.876789166322102,0,"TP_60°C,100%SOC",1.4775250291492,1.47981814800065,-0.565008830305691,1.47702746219482,1.47931980882235,-0.546308419115832
TP_40C_50SOC,40,313.15,0.5,50,708.11,2.95351738009719,0.987918204893723,0,"TP_40°C,50%SOC",0.205731333172674,0,-1.25301103253555,0.205662051698013,0,-1.23933576638822
TP_25C_50SOC,25,298.15,0.5,50,10302,2.89980162529789,0.968823662434826,0,"TP_25°C,50%SOC",-0.748113938809723,0,0.243561331975196,-0.747862006174591,0,0.268167512549746
TP_60C_100SOC,60,333.15,1,100,17001,2.3688128715365,0.791996073520952,0,"TP_60°C,100%SOC",1.4775250291492,1.47981814800065,1.28855332895009,1.47702746219482,1.47931980882235,1.3207920960717
TP_60C_0SOC,60,333.15,0,0,7026.7,2.87656650690085,0.960112978554263,0,"TP_60°C,0%SOC",1.4775250291492,-1.47981814800065,-0.26736004251232,1.47702746219482,-1.47931980882235,-0.246485614545262
TP_60C_0SOC,60,333.15,0,0,408.99,2.97791644444513,0.993940595672967,0,"TP_60°C,0%SOC",1.4775250291492,-1.47981814800065,-1.29967143052556,1.47702746219482,-1.47931980882235,-1.28633697036241
TP_60C_0SOC,60,333.15,0,0,17001,2.71916865143028,0.907578221067736,0,"TP_60°C,0%SOC",1.4775250291492,-1.47981814800065,1.28855332895009,1.47702746219482,-1.47931980882235,1.3207920960717
TP_25C_0SOC,25,298.15,0,0,20163,2.93753353572979,0.980495765206294,0,"TP_25°C,0%SOC",-0.748113938809723,-1.47981814800065,1.78180078296332,-0.747862006174591,-1.47931980882235,1.81764221296921
TP_40C_25SOC,40,313.15,0.25,25,6388.1,2.88806829293145,0.962974217324625,0,"TP_40°C,25%SOC",0.205731333172674,-0.739909074000325,-0.366976685185579,0.205662051698013,-0.739659904411175,-0.34682985384025
TP_25C_50SOC,25,298.15,0.5,50,18239,2.86402930777808,0.956872131898745,0,"TP_25°C,50%SOC",-0.748113938809723,0,1.48167171859853,-0.747862006174591,0,1.51532101597022
TP_40C_12SOC,40,313.15,0.125,12.5,13481,2.85919900325859,0.954962809992723,0,"TP_40°C,12.5%SOC",0.205731333172674,-1.10986361100049,0.739460654020753,0.205662051698013,-1.10948985661676,0.767688866634879
TP_10C_50SOC,10,283.15,0.5,50,276.98,2.98495406852711,0.996598174300202,0,"TP_10°C,50%SOC",-1.70195921079212,0,-1.32026396575779,-1.7013860640472,0,-1.30707991278229
TP_40C_100SOC,40,313.15,1,100,5753.1,2.77547115047887,0.92715430863279,0,"TP_40°C,100%SOC",0.205731333172674,1.47981814800065,-0.466031755804934,0.205662051698013,1.47931980882235,-0.446608419377859
TP_40C_75SOC,40,313.15,0.75,75,408.99,2.93920141230085,0.980829387684937,0,"TP_40°C,75%SOC",0.205731333172674,0.739909074000325,-1.29967143052556,0.205662051698013,0.739659904411175,-1.28633697036241
TP_40C_100SOC,40,313.15,1,100,12844,2.68731804834882,0.897706505348969,0,"TP_40°C,100%SOC",0.205731333172674,1.47981814800065,0.640093598927007,0.205662051698013,1.47931980882235,0.667596037898726
TP_40C_100SOC,40,313.15,1,100,7026.7,2.7563519416635,0.920767480642248,0,"TP_40°C,100%SOC",0.205731333172674,1.47981814800065,-0.26736004251232,0.205662051698013,1.47931980882235,-0.246485614545262
TP_0C_50SOC,0,273.15,0.5,50,9031.6,2.95698458679776,0.984626424523397,0,"TP_0°C,50%SOC",-2.33785605878038,0,0.0453887938416083,-2.3370687692956,0,0.0685475288348198
TP_40C_38SOC,40,313.15,0.375,37.5,12211,2.79163934478268,0.932819722555189,0,"TP_40°C,37.5%SOC",0.205731333172674,-0.369954537000163,0.541350512782044,0.205662051698013,-0.369829952205587,0.568131735559661
TP_40C_88SOC,40,313.15,0.875,87.5,5753.1,2.77321807555152,0.926508216962932,0,"TP_40°C,87.5%SOC",0.205731333172674,1.10986361100049,-0.466031755804934,0.205662051698013,1.10948985661676,-0.446608419377859
TP_40C_12SOC,40,313.15,0.125,12.5,17001,2.83054103281938,0.945391144659836,0,"TP_40°C,12.5%SOC",0.205731333172674,-1.10986361100049,1.28855332895009,0.205662051698013,-1.10948985661676,1.3207920960717
TP_40C_62SOC,40,313.15,0.625,62.5,7026.7,2.83813034523893,0.947539247717691,0,"TP_40°C,62.5%SOC",0.205731333172674,0.369954537000163,-0.26736004251232,0.205662051698013,0.369829952205587,-0.246485614545262
TP_25C_0SOC,25,298.15,0,0,2579.2,2.98372051087346,0.995912145303826,0,"TP_25°C,0%SOC",-0.748113938809723,-1.47981814800065,-0.961135517440793,-0.747862006174591,-1.47931980882235,-0.945328402306705
TP_40C_88SOC,40,313.15,0.875,87.5,1285.6,2.87131262751468,0.959280759892175,0,"TP_40°C,87.5%SOC",0.205731333172674,1.10986361100049,-1.16292707547732,0.205662051698013,1.10948985661676,-1.14859383912474
TP_40C_62SOC,40,313.15,0.625,62.5,15148,2.75343612108684,0.919263202689058,0,"TP_40°C,62.5%SOC",0.205731333172674,0.369954537000163,0.999499713426209,0.205662051698013,0.369829952205587,1.02962724262101
TP_60C_50SOC,60,333.15,0.5,50,13481,2.5097973470442,0.839162434309777,0,"TP_60°C,50%SOC",1.4775250291492,0,0.739460654020753,1.47702746219482,0,0.767688866634879
TP_40C_62SOC,40,313.15,0.625,62.5,9665.8,2.80776357829081,0.937400987662825,0,"TP_40°C,62.5%SOC",0.205731333172674,0.369954537000163,0.144319070671206,0.205662051698013,0.369829952205587,0.168200389093011
TP_40C_38SOC,40,313.15,0.375,37.5,1009.1,2.9419920624143,0.983059729599317,0,"TP_40°C,37.5%SOC",0.205731333172674,-0.369954537000163,-1.20605892906197,0.205662051698013,-0.369829952205587,-1.1920407263234
TP_60C_100SOC,60,333.15,1,100,19190,2.34114448877245,0.782745342586014,0,"TP_60°C,100%SOC",1.4775250291492,1.47981814800065,1.63002033617177,1.47702746219482,1.47931980882235,1.66475316687773
TP_60C_0SOC,60,333.15,0,0,276.98,2.98640449328618,0.996773655793546,0,"TP_60°C,0%SOC",1.4775250291492,-1.47981814800065,-1.32026396575779,1.47702746219482,-1.47931980882235,-1.30707991278229
TP_40C_0SOC,40,313.15,0,0,9665.8,2.93767028290526,0.980923695373734,0,"TP_40°C,0%SOC",0.205731333172674,-1.47981814800065,0.144319070671206,0.205662051698013,-1.47931980882235,0.168200389093011
TP_0C_50SOC,0,273.15,0.5,50,15811,2.941135586509,0.97934897243377,0,"TP_0°C,50%SOC",-2.33785605878038,0,1.10292256668705,-2.3370687692956,0,1.13380549293823
TP_40C_62SOC,40,313.15,0.625,62.5,0,2.99526415615506,1,0,"TP_40°C,62.5%SOC",0.205731333172674,0.369954537000163,-1.36347069561629,0.205662051698013,0.369829952205587,-1.3506022231486
TP_25C_100SOC,25,298.15,1,100,15148,2.70131335725652,0.901775288622864,0,"TP_25°C,100%SOC",-0.748113938809723,1.47981814800065,0.999499713426209,-0.747862006174591,1.47931980882235,1.02962724262101
TP_40C_62SOC,40,313.15,0.625,62.5,10939,2.79477493029424,0.933064592834382,0,"TP_40°C,62.5%SOC",0.205731333172674,0.369954537000163,0.342928387068942,0.205662051698013,0.369829952205587,0.368260341285899
TP_25C_0SOC,25,298.15,0,0,17001,2.94228911368106,0.982083091439549,0,"TP_25°C,0%SOC",-0.748113938809723,-1.47981814800065,1.28855332895009,-0.747862006174591,-1.47931980882235,1.3207920960717
TP_25C_50SOC,25,298.15,0.5,50,408.99,2.98078147099219,0.995879027189613,0,"TP_25°C,50%SOC",-0.748113938809723,0,-1.29967143052556,-0.747862006174591,0,-1.28633697036241
TP_60C_100SOC,60,333.15,1,100,2579.2,2.70149864395968,0.903227242787833,0,"TP_60°C,100%SOC",1.4775250291492,1.47981814800065,-0.961135517440793,1.47702746219482,1.47931980882235,-0.945328402306705
TP_0C_50SOC,0,273.15,0.5,50,7663.4,2.96500105659552,0.987295774924988,0,"TP_0°C,50%SOC",-2.33785605878038,0,-0.168039785089732,-2.3370687692956,0,-0.146439925288891
TP_60C_50SOC,60,333.15,0.5,50,9665.8,2.57786372961529,0.86192074639433,0,"TP_60°C,50%SOC",1.4775250291492,0,0.144319070671206,1.47702746219482,0,0.168200389093011
TP_40C_12SOC,40,313.15,0.125,12.5,15811,2.83811269792865,0.947920055232633,0,"TP_40°C,12.5%SOC",0.205731333172674,-1.10986361100049,1.10292256668705,0.205662051698013,-1.10948985661676,1.13380549293823
TP_60C_100SOC,60,333.15,1,100,11575,2.46019696783876,0.822549709193619,0,"TP_60°C,100%SOC",1.4775250291492,1.47981814800065,0.442139449925493,1.47702746219482,1.47931980882235,0.46819603842278
TP_40C_25SOC,40,313.15,0.25,25,4483,2.91025590322585,0.9703722752964,0,"TP_40°C,25%SOC",0.205731333172674,-0.739909074000325,-0.664157496267363,0.205662051698013,-0.739659904411175,-0.646181263613004
TP_60C_50SOC,60,333.15,0.5,50,10302,2.56608332647691,0.857981913728659,0,"TP_60°C,50%SOC",1.4775250291492,0,0.243561331975196,1.47702746219482,0,0.268167512549746
TP_40C_25SOC,40,313.15,0.25,25,18239,2.78496498062024,0.928596279753181,0,"TP_40°C,25%SOC",0.205731333172674,-0.739909074000325,1.48167171859853,0.205662051698013,-0.739659904411175,1.51532101597022
TP_10C_50SOC,10,283.15,0.5,50,14119,2.92440687958176,0.976383049853842,0,"TP_10°C,50%SOC",-1.70195921079212,0,0.838983701351695,-1.7013860640472,0,0.867938826970303
TP_40C_62SOC,40,313.15,0.625,62.5,13481,2.76973592989104,0.924705062890505,0,"TP_40°C,62.5%SOC",0.205731333172674,0.369954537000163,0.739460654020753,0.205662051698013,0.369829952205587,0.767688866634879
TP_60C_0SOC,60,333.15,0,0,9665.8,2.8334308975282,0.945715585586928,0,"TP_60°C,0%SOC",1.4775250291492,-1.47981814800065,0.144319070671206,1.47702746219482,-1.47931980882235,0.168200389093011
TP_40C_12SOC,40,313.15,0.125,12.5,160.33,3.00065842053856,1.00220977757758,0,"TP_40°C,12.5%SOC",0.205731333172674,-1.10986361100049,-1.33846046022668,0.205662051698013,-1.10948985661676,-1.32540931383734
TP_40C_12SOC,40,313.15,0.125,12.5,1285.6,2.97389863273872,0.99327209883503,0,"TP_40°C,12.5%SOC",0.205731333172674,-1.10986361100049,-1.16292707547732,0.205662051698013,-1.10948985661676,-1.14859383912474
TP_40C_62SOC,40,313.15,0.625,62.5,5753.1,2.85362190544083,0.952711265741566,0,"TP_40°C,62.5%SOC",0.205731333172674,0.369954537000163,-0.466031755804934,0.205662051698013,0.369829952205587,-0.446608419377859
TP_60C_100SOC,60,333.15,1,100,12211,2.44792990532979,0.818448302342331,0,"TP_60°C,100%SOC",1.4775250291492,1.47981814800065,0.541350512782044,1.47702746219482,1.47931980882235,0.568131735559661
TP_25C_50SOC,25,298.15,0.5,50,10939,2.89470837900982,0.96712200895638,0,"TP_25°C,50%SOC",-0.748113938809723,0,0.342928387068942,-0.747862006174591,0,0.368260341285899
TP_60C_50SOC,60,333.15,0.5,50,19190,2.42107575990156,0.809497958359108,0,"TP_60°C,50%SOC",1.4775250291492,0,1.63002033617177,1.47702746219482,0,1.66475316687773
TP_60C_100SOC,60,333.15,1,100,10939,2.47321183589507,0.826901139617629,0,"TP_60°C,100%SOC",1.4775250291492,1.47981814800065,0.342928387068942,1.47702746219482,1.47931980882235,0.368260341285899
TP_40C_25SOC,40,313.15,0.25,25,15811,2.80154470550731,0.93412448960738,0,"TP_40°C,25%SOC",0.205731333172674,-0.739909074000325,1.10292256668705,0.205662051698013,-0.739659904411175,1.13380549293823
TP_40C_38SOC,40,313.15,0.375,37.5,276.98,2.97113392299188,0.992797413784606,0,"TP_40°C,37.5%SOC",0.205731333172674,-0.369954537000163,-1.32026396575779,0.205662051698013,-0.369829952205587,-1.30707991278229
TP_60C_0SOC,60,333.15,0,0,4483,2.90854511225895,0.970786492956493,0,"TP_60°C,0%SOC",1.4775250291492,-1.47981814800065,-0.664157496267363,1.47702746219482,-1.47931980882235,-0.646181263613004
TP_40C_0SOC,40,313.15,0,0,7026.7,2.95266203382302,0.985929622620215,0,"TP_40°C,0%SOC",0.205731333172674,-1.47981814800065,-0.26736004251232,0.205662051698013,-1.47931980882235,-0.246485614545262
TP_40C_100SOC,40,313.15,1,100,11575,2.70156453545954,0.902465586309081,0,"TP_40°C,100%SOC",0.205731333172674,1.47981814800065,0.442139449925493,0.205662051698013,1.47931980882235,0.46819603842278
TP_25C_0SOC,25,298.15,0,0,160.33,3.00197966101078,1.00200672062293,0,"TP_25°C,0%SOC",-0.748113938809723,-1.47981814800065,-1.33846046022668,-0.747862006174591,-1.47931980882235,-1.32540931383734
TP_10C_50SOC,10,283.15,0.5,50,6388.1,2.94707009146304,0.9839497041695,0,"TP_10°C,50%SOC",-1.70195921079212,0,-0.366976685185579,-1.7013860640472,0,-0.34682985384025
TP_40C_0SOC,40,313.15,0,0,19190,2.89960626055988,0.968213657192427,0,"TP_40°C,0%SOC",0.205731333172674,-1.47981814800065,1.63002033617177,0.205662051698013,-1.47931980882235,1.66475316687773
TP_0C_50SOC,0,273.15,0.5,50,17001,2.93987122769142,0.978927962088492,0,"TP_0°C,50%SOC",-2.33785605878038,0,1.28855332895009,-2.3370687692956,0,1.3207920960717
TP_40C_50SOC,40,313.15,0.5,50,11575,2.79476556167363,0.934817514666717,0,"TP_40°C,50%SOC",0.205731333172674,0,0.442139449925493,0.205662051698013,0,0.46819603842278
TP_25C_50SOC,25,298.15,0.5,50,14119,2.88107644115878,0.962567578805121,0,"TP_25°C,50%SOC",-0.748113938809723,0,0.838983701351695,-0.747862006174591,0,0.867938826970303
TP_40C_100SOC,40,313.15,1,100,2579.2,2.83615242369884,0.947425066593834,0,"TP_40°C,100%SOC",0.205731333172674,1.47981814800065,-0.961135517440793,0.205662051698013,1.47931980882235,-0.945328402306705
TP_40C_75SOC,40,313.15,0.75,75,14695,2.73024997037619,0.911101020659414,0,"TP_40°C,75%SOC",0.205731333172674,0.739909074000325,0.928835229976496,0.205662051698013,0.739659904411175,0.958446628150874
TP_25C_100SOC,25,298.15,1,100,12844,2.72429189980375,0.909446180184554,0,"TP_25°C,100%SOC",-0.748113938809723,1.47981814800065,0.640093598927007,-0.747862006174591,1.47931980882235,0.667596037898726
TP_60C_100SOC,60,333.15,1,100,5753.1,2.6009243078346,0.86960091448425,0,"TP_60°C,100%SOC",1.4775250291492,1.47981814800065,-0.466031755804934,1.47702746219482,1.47931980882235,-0.446608419377859
TP_40C_50SOC,40,313.15,0.5,50,5118.6,2.86967977215158,0.959875471946783,0,"TP_40°C,50%SOC",0.205731333172674,0,-0.565008830305691,0.205662051698013,0,-0.546308419115832
TP_40C_100SOC,40,313.15,1,100,12211,2.69496212510153,0.900260031691901,0,"TP_40°C,100%SOC",0.205731333172674,1.47981814800065,0.541350512782044,0.205662051698013,1.47931980882235,0.568131735559661
TP_25C_0SOC,25,298.15,0,0,5753.1,2.97273242259977,0.992244519423467,0,"TP_25°C,0%SOC",-0.748113938809723,-1.47981814800065,-0.466031755804934,-0.747862006174591,-1.47931980882235,-0.446608419377859
TP_40C_100SOC,40,313.15,1,100,1285.6,2.87435675384775,0.960187335551262,0,"TP_40°C,100%SOC",0.205731333172674,1.47981814800065,-1.16292707547732,0.205662051698013,1.47931980882235,-1.14859383912474
TP_40C_0SOC,40,313.15,0,0,21241,2.88850751588701,0.964507651892283,0,"TP_40°C,0%SOC",0.205731333172674,-1.47981814800065,1.94996041466043,0.205662051698013,-1.47931980882235,1.98703007698424
TP_40C_12SOC,40,313.15,0.125,12.5,1009.1,2.97978864751051,0.995239343874972,0,"TP_40°C,12.5%SOC",0.205731333172674,-1.10986361100049,-1.20605892906197,0.205662051698013,-1.10948985661676,-1.1920407263234
TP_0C_50SOC,0,273.15,0.5,50,0,3.00315379838508,1,0,"TP_0°C,50%SOC",-2.33785605878038,0,-1.36347069561629,-2.3370687692956,0,-1.3506022231486
TP_60C_100SOC,60,333.15,1,100,21241,2.31610166722142,0.774372449743095,0,"TP_60°C,100%SOC",1.4775250291492,1.47981814800065,1.94996041466043,1.47702746219482,1.47931980882235,1.98703007698424
TP_40C_88SOC,40,313.15,0.875,87.5,18239,2.63674413411135,0.880913451350967,0,"TP_40°C,87.5%SOC",0.205731333172674,1.10986361100049,1.48167171859853,0.205662051698013,1.10948985661676,1.51532101597022
TP_40C_62SOC,40,313.15,0.625,62.5,17001,2.73842413578477,0.914251295718776,0,"TP_40°C,62.5%SOC",0.205731333172674,0.369954537000163,1.28855332895009,0.205662051698013,0.369829952205587,1.3207920960717
TP_40C_38SOC,40,313.15,0.375,37.5,8300.1,2.83266275806325,0.946527599636864,0,"TP_40°C,37.5%SOC",0.205731333172674,-0.369954537000163,-0.0687195276671444,0.205662051698013,-0.369829952205587,-0.0463942360325203
TP_0C_50SOC,0,273.15,0.5,50,2579.2,2.98162262399036,0.99283047894307,0,"TP_0°C,50%SOC",-2.33785605878038,0,-0.961135517440793,-2.3370687692956,0,-0.945328402306705
TP_60C_50SOC,60,333.15,0.5,50,160.33,2.94717494878133,0.985401672875614,0,"TP_60°C,50%SOC",1.4775250291492,0,-1.33846046022668,1.47702746219482,0,-1.32540931383734
TP_25C_50SOC,25,298.15,0.5,50,3286.7,2.94190250252598,0.982889564637239,0,"TP_25°C,50%SOC",-0.748113938809723,0,-0.85077100962474,-0.747862006174591,0,-0.834157795821889
TP_40C_0SOC,40,313.15,0,0,3286.7,2.97400102997084,0.993054971941645,0,"TP_40°C,0%SOC",0.205731333172674,-1.47981814800065,-0.85077100962474,0.205662051698013,-1.47931980882235,-0.834157795821889
TP_40C_0SOC,40,313.15,0,0,5118.6,2.96279576093274,0.98931339686548,0,"TP_40°C,0%SOC",0.205731333172674,-1.47981814800065,-0.565008830305691,0.205662051698013,-1.47931980882235,-0.546308419115832
TP_25C_100SOC,25,298.15,1,100,1009.1,2.91518615352019,0.973172115674104,0,"TP_25°C,100%SOC",-0.748113938809723,1.47981814800065,-1.20605892906197,-0.747862006174591,1.47931980882235,-1.1920407263234
TP_40C_75SOC,40,313.15,0.75,75,2579.2,2.87385462896296,0.959022768642008,0,"TP_40°C,75%SOC",0.205731333172674,0.739909074000325,-0.961135517440793,0.205662051698013,0.739659904411175,-0.945328402306705
TP_60C_100SOC,60,333.15,1,100,9665.8,2.49729937522747,0.834954640508845,0,"TP_60°C,100%SOC",1.4775250291492,1.47981814800065,0.144319070671206,1.47702746219482,1.47931980882235,0.168200389093011
TP_40C_100SOC,40,313.15,1,100,160.33,2.95096430652603,0.985778314051336,0,"TP_40°C,100%SOC",0.205731333172674,1.47981814800065,-1.33846046022668,0.205662051698013,1.47931980882235,-1.32540931383734
TP_40C_88SOC,40,313.15,0.875,87.5,14119,2.67214762660159,0.89274145254228,0,"TP_40°C,87.5%SOC",0.205731333172674,1.10986361100049,0.838983701351695,0.205662051698013,1.10948985661676,0.867938826970303
TP_40C_62SOC,40,313.15,0.625,62.5,6388.1,2.84541214272435,0.949970351321844,0,"TP_40°C,62.5%SOC",0.205731333172674,0.369954537000163,-0.366976685185579,0.205662051698013,0.369829952205587,-0.34682985384025
TP_25C_50SOC,25,298.15,0.5,50,12211,2.88960681333003,0.965417575969335,0,"TP_25°C,50%SOC",-0.748113938809723,0,0.541350512782044,-0.747862006174591,0,0.568131735559661
TP_40C_88SOC,40,313.15,0.875,87.5,3872.7,2.80698209540622,0.937788484500802,0,"TP_40°C,87.5%SOC",0.205731333172674,1.10986361100049,-0.759359558627981,0.205662051698013,1.10948985661676,-0.742078678648599
TP_40C_25SOC,40,313.15,0.25,25,17001,2.79338873826649,0.931405029617643,0,"TP_40°C,25%SOC",0.205731333172674,-0.739909074000325,1.28855332895009,0.205662051698013,-0.739659904411175,1.3207920960717
TP_40C_0SOC,40,313.15,0,0,1285.6,2.98700127632553,0.99739591168877,0,"TP_40°C,0%SOC",0.205731333172674,-1.47981814800065,-1.16292707547732,0.205662051698013,-1.47931980882235,-1.14859383912474
TP_40C_12SOC,40,313.15,0.125,12.5,8300.1,2.90194525279269,0.969239912959397,0,"TP_40°C,12.5%SOC",0.205731333172674,-1.10986361100049,-0.0687195276671444,0.205662051698013,-1.10948985661676,-0.0463942360325203
TP_60C_50SOC,60,333.15,0.5,50,12211,2.53182818267944,0.846528546830104,0,"TP_60°C,50%SOC",1.4775250291492,0,0.541350512782044,1.47702746219482,0,0.568131735559661
TP_40C_62SOC,40,313.15,0.625,62.5,21241,2.70440780821092,0.902894592002361,0,"TP_40°C,62.5%SOC",0.205731333172674,0.369954537000163,1.94996041466043,0.205662051698013,0.369829952205587,1.98703007698424
TP_40C_50SOC,40,313.15,0.5,50,276.98,2.97447020062843,0.994926686708041,0,"TP_40°C,50%SOC",0.205731333172674,0,-1.32026396575779,0.205662051698013,0,-1.30707991278229
TP_25C_100SOC,25,298.15,1,100,0,2.99555043405747,1,0,"TP_25°C,100%SOC",-0.748113938809723,1.47981814800065,-1.36347069561629,-0.747862006174591,1.47931980882235,-1.3506022231486
TP_40C_88SOC,40,313.15,0.875,87.5,160.33,2.94530075268077,0.983999553747011,0,"TP_40°C,87.5%SOC",0.205731333172674,1.10986361100049,-1.33846046022668,0.205662051698013,1.10948985661676,-1.32540931383734
TP_40C_25SOC,40,313.15,0.25,25,7026.7,2.88192250118991,0.960925014053831,0,"TP_40°C,25%SOC",0.205731333172674,-0.739909074000325,-0.26736004251232,0.205662051698013,-0.739659904411175,-0.246485614545262
TP_40C_25SOC,40,313.15,0.25,25,19190,2.77779506503256,0.926205600880306,0,"TP_40°C,25%SOC",0.205731333172674,-0.739909074000325,1.63002033617177,0.205662051698013,-0.739659904411175,1.66475316687773
TP_60C_50SOC,60,333.15,0.5,50,15811,2.46598990508367,0.824515212023174,0,"TP_60°C,50%SOC",1.4775250291492,0,1.10292256668705,1.47702746219482,0,1.13380549293823
TP_0C_50SOC,0,273.15,0.5,50,14695,2.94440109599324,0.980436332490386,0,"TP_0°C,50%SOC",-2.33785605878038,0,0.928835229976496,-2.3370687692956,0,0.958446628150874
TP_60C_0SOC,60,333.15,0,0,15811,2.7304185523355,0.911333105872464,0,"TP_60°C,0%SOC",1.4775250291492,-1.47981814800065,1.10292256668705,1.47702746219482,-1.47931980882235,1.13380549293823
TP_40C_100SOC,40,313.15,1,100,276.98,2.93561570050631,0.980651067025102,0,"TP_40°C,100%SOC",0.205731333172674,1.47981814800065,-1.32026396575779,0.205662051698013,1.47931980882235,-1.30707991278229
TP_40C_0SOC,40,313.15,0,0,276.98,3.0001,1.00176973420596,0,"TP_40°C,0%SOC",0.205731333172674,-1.47981814800065,-1.32026396575779,0.205662051698013,-1.47931980882235,-1.30707991278229
TP_25C_0SOC,25,298.15,0,0,276.98,2.99888671442787,1.00097435078284,0,"TP_25°C,0%SOC",-0.748113938809723,-1.47981814800065,-1.32026396575779,-0.747862006174591,-1.47931980882235,-1.30707991278229
TP_40C_75SOC,40,313.15,0.75,75,3872.7,2.85154885898853,0.951579197536503,0,"TP_40°C,75%SOC",0.205731333172674,0.739909074000325,-0.759359558627981,0.205662051698013,0.739659904411175,-0.742078678648599
TP_40C_100SOC,40,313.15,1,100,8300.1,2.74042249266808,0.915446201310016,0,"TP_40°C,100%SOC",0.205731333172674,1.47981814800065,-0.0687195276671444,0.205662051698013,1.47931980882235,-0.0463942360325203
TP_40C_88SOC,40,313.15,0.875,87.5,8300.1,2.73756212836943,0.914595872838594,0,"TP_40°C,87.5%SOC",0.205731333172674,1.10986361100049,-0.0687195276671444,0.205662051698013,1.10948985661676,-0.0463942360325203
TP_10C_50SOC,10,283.15,0.5,50,15811,2.91764156717528,0.97412428880155,0,"TP_10°C,50%SOC",-1.70195921079212,0,1.10292256668705,-1.7013860640472,0,1.13380549293823
TP_40C_75SOC,40,313.15,0.75,75,9665.8,2.78041028588457,0.927839823022622,0,"TP_40°C,75%SOC",0.205731333172674,0.739909074000325,0.144319070671206,0.205662051698013,0.739659904411175,0.168200389093011
TP_25C_100SOC,25,298.15,1,100,708.11,2.9319100421036,0.978755025710694,0,"TP_25°C,100%SOC",-0.748113938809723,1.47981814800065,-1.25301103253555,-0.747862006174591,1.47931980882235,-1.23933576638822
TP_40C_50SOC,40,313.15,0.5,50,17001,2.74719228674489,0.918904791523382,0,"TP_40°C,50%SOC",0.205731333172674,0,1.28855332895009,0.205662051698013,0,1.3207920960717
TP_40C_100SOC,40,313.15,1,100,21241,2.5861176330101,0.863900208677309,0,"TP_40°C,100%SOC",0.205731333172674,1.47981814800065,1.94996041466043,0.205662051698013,1.47931980882235,1.98703007698424
TP_60C_0SOC,60,333.15,0,0,1945,2.93937751475593,0.981077438681663,0,"TP_60°C,0%SOC",1.4775250291492,-1.47981814800065,-1.06006579427039,1.47702746219482,-1.47931980882235,-1.0449812625649
TP_40C_100SOC,40,313.15,1,100,15811,2.65784815047521,0.887861999206734,0,"TP_40°C,100%SOC",0.205731333172674,1.47981814800065,1.10292256668705,0.205662051698013,1.47931980882235,1.13380549293823
TP_40C_12SOC,40,313.15,0.125,12.5,19190,2.81560217698587,0.940401617268218,0,"TP_40°C,12.5%SOC",0.205731333172674,-1.10986361100049,1.63002033617177,0.205662051698013,-1.10948985661676,1.66475316687773
TP_40C_88SOC,40,313.15,0.875,87.5,11575,2.69782190596384,0.90131900762294,0,"TP_40°C,87.5%SOC",0.205731333172674,1.10986361100049,0.442139449925493,0.205662051698013,1.10948985661676,0.46819603842278
TP_60C_0SOC,60,333.15,0,0,1009.1,2.95793773536408,0.987272292389361,0,"TP_60°C,0%SOC",1.4775250291492,-1.47981814800065,-1.20605892906197,1.47702746219482,-1.47931980882235,-1.1920407263234
TP_40C_38SOC,40,313.15,0.375,37.5,5753.1,2.86135126238592,0.956113795895636,0,"TP_40°C,37.5%SOC",0.205731333172674,-0.369954537000163,-0.466031755804934,0.205662051698013,-0.369829952205587,-0.446608419377859
TP_60C_50SOC,60,333.15,0.5,50,1009.1,2.85139622106154,0.953377609098875,0,"TP_60°C,50%SOC",1.4775250291492,0,-1.20605892906197,1.47702746219482,0,-1.1920407263234
TP_60C_50SOC,60,333.15,0.5,50,14119,2.49884695615291,0.835501120105345,0,"TP_60°C,50%SOC",1.4775250291492,0,0.838983701351695,1.47702746219482,0,0.867938826970303
TP_40C_38SOC,40,313.15,0.375,37.5,9031.6,2.82174508782412,0.942879485799219,0,"TP_40°C,37.5%SOC",0.205731333172674,-0.369954537000163,0.0453887938416083,0.205662051698013,-0.369829952205587,0.0685475288348198
TP_40C_25SOC,40,313.15,0.25,25,14119,2.81718081943637,0.939338069428081,0,"TP_40°C,25%SOC",0.205731333172674,-0.739909074000325,0.838983701351695,0.205662051698013,-0.739659904411175,0.867938826970303
TP_0C_50SOC,0,273.15,0.5,50,8300.1,2.96380112341537,0.986896217239733,0,"TP_0°C,50%SOC",-2.33785605878038,0,-0.0687195276671444,-2.3370687692956,0,-0.0463942360325203
TP_40C_25SOC,40,313.15,0.25,25,10302,2.85035728750016,0.950400163577834,0,"TP_40°C,25%SOC",0.205731333172674,-0.739909074000325,0.243561331975196,0.205662051698013,-0.739659904411175,0.268167512549746
TP_60C_50SOC,60,333.15,0.5,50,9031.6,2.59190744215712,0.866616327102162,0,"TP_60°C,50%SOC",1.4775250291492,0,0.0453887938416083,1.47702746219482,0,0.0685475288348198
TP_40C_25SOC,40,313.15,0.25,25,14695,2.81216044323106,0.937664115644227,0,"TP_40°C,25%SOC",0.205731333172674,-0.739909074000325,0.928835229976496,0.205662051698013,-0.739659904411175,0.958446628150874
TP_25C_100SOC,25,298.15,1,100,20163,2.67243273404129,0.892134114537836,0,"TP_25°C,100%SOC",-0.748113938809723,1.47981814800065,1.78180078296332,-0.747862006174591,1.47931980882235,1.81764221296921
TP_25C_50SOC,25,298.15,0.5,50,19190,2.86082298306574,0.955800898879333,0,"TP_25°C,50%SOC",-0.748113938809723,0,1.63002033617177,-0.747862006174591,0,1.66475316687773
TP_40C_25SOC,40,313.15,0.25,25,3872.7,2.91818687239569,0.973016713742556,0,"TP_40°C,25%SOC",0.205731333172674,-0.739909074000325,-0.759359558627981,0.205662051698013,-0.739659904411175,-0.742078678648599
TP_40C_25SOC,40,313.15,0.25,25,2579.2,2.93518199360573,0.978683429999104,0,"TP_40°C,25%SOC",0.205731333172674,-0.739909074000325,-0.961135517440793,0.205662051698013,-0.739659904411175,-0.945328402306705
TP_60C_100SOC,60,333.15,1,100,408.99,2.85608800359792,0.954913117730833,0,"TP_60°C,100%SOC",1.4775250291492,1.47981814800065,-1.29967143052556,1.47702746219482,1.47931980882235,-1.28633697036241
TP_40C_0SOC,40,313.15,0,0,20163,2.89667329249514,0.967234303624663,0,"TP_40°C,0%SOC",0.205731333172674,-1.47981814800065,1.78180078296332,0.205662051698013,-1.47931980882235,1.81764221296921
TP_40C_100SOC,40,313.15,1,100,1009.1,2.8873520139535,0.964528440446829,0,"TP_40°C,100%SOC",0.205731333172674,1.47981814800065,-1.20605892906197,0.205662051698013,1.47931980882235,-1.1920407263234
TP_60C_50SOC,60,333.15,0.5,50,5118.6,2.70451008160356,0.904265544135109,0,"TP_60°C,50%SOC",1.4775250291492,0,-0.565008830305691,1.47702746219482,0,-0.546308419115832
TP_40C_50SOC,40,313.15,0.5,50,12211,2.78920391550237,0.932957206838908,0,"TP_40°C,50%SOC",0.205731333172674,0,0.541350512782044,0.205662051698013,0,0.568131735559661
TP_40C_12SOC,40,313.15,0.125,12.5,11575,2.87325162667446,0.959656338750146,0,"TP_40°C,12.5%SOC",0.205731333172674,-1.10986361100049,0.442139449925493,0.205662051698013,-1.10948985661676,0.46819603842278
TP_40C_75SOC,40,313.15,0.75,75,9031.6,2.78787555027406,0.930331027153583,0,"TP_40°C,75%SOC",0.205731333172674,0.739909074000325,0.0453887938416083,0.205662051698013,0.739659904411175,0.0685475288348198
TP_60C_50SOC,60,333.15,0.5,50,14695,2.48820958965576,0.831944467065247,0,"TP_60°C,50%SOC",1.4775250291492,0,0.928835229976496,1.47702746219482,0,0.958446628150874
TP_40C_38SOC,40,313.15,0.375,37.5,5118.6,2.86973722164979,0.958915944464183,0,"TP_40°C,37.5%SOC",0.205731333172674,-0.369954537000163,-0.565008830305691,0.205662051698013,-0.369829952205587,-0.546308419115832
TP_25C_50SOC,25,298.15,0.5,50,15811,2.87220409481307,0.959603328076363,0,"TP_25°C,50%SOC",-0.748113938809723,0,1.10292256668705,-0.747862006174591,0,1.13380549293823
TP_25C_100SOC,25,298.15,1,100,408.99,2.94357205232571,0.982648136669375,0,"TP_25°C,100%SOC",-0.748113938809723,1.47981814800065,-1.29967143052556,-0.747862006174591,1.47931980882235,-1.28633697036241
TP_25C_100SOC,25,298.15,1,100,5118.6,2.82998383244879,0.944729155708315,0,"TP_25°C,100%SOC",-0.748113938809723,1.47981814800065,-0.565008830305691,-0.747862006174591,1.47931980882235,-0.546308419115832
TP_40C_88SOC,40,313.15,0.875,87.5,14695,2.666180857543,0.890748006512831,0,"TP_40°C,87.5%SOC",0.205731333172674,1.10986361100049,0.928835229976496,0.205662051698013,1.10948985661676,0.958446628150874
TP_40C_25SOC,40,313.15,0.25,25,276.98,2.98641627269096,0.995766575132148,0,"TP_40°C,25%SOC",0.205731333172674,-0.739909074000325,-1.32026396575779,0.205662051698013,-0.739659904411175,-1.30707991278229
TP_25C_0SOC,25,298.15,0,0,13481,2.95111811752761,0.98503005384091,0,"TP_25°C,0%SOC",-0.748113938809723,-1.47981814800065,0.739460654020753,-0.747862006174591,-1.47931980882235,0.767688866634879
TP_60C_50SOC,60,333.15,0.5,50,1285.6,2.83200810969483,0.946895103748267,0,"TP_60°C,50%SOC",1.4775250291492,0,-1.16292707547732,1.47702746219482,0,-1.14859383912474
TP_25C_50SOC,25,298.15,0.5,50,7026.7,2.91759865604794,0.974769650036636,0,"TP_25°C,50%SOC",-0.748113938809723,0,-0.26736004251232,-0.747862006174591,0,-0.246485614545262
TP_40C_50SOC,40,313.15,0.5,50,1285.6,2.93419185873499,0.981454036271783,0,"TP_40°C,50%SOC",0.205731333172674,0,-1.16292707547732,0.205662051698013,0,-1.14859383912474
