cond_id,T_degC,T_K,SOC_store,SOC_pct,t_h,Q_Ah,SOH_init,EFC,T_degC_n,SOC_store_n,t_h_n
TP_0C_50SOC,0,273.15,0.5,50,0,3.00315379838508,1,0,-2.33785605878038,0,-1.36347069561629
TP_0C_50SOC,0,273.15,0.5,50,160.33,2.99843337747104,0.998428178764411,0,-2.33785605878038,0,-1.33846046022668
TP_0C_50SOC,0,273.15,0.5,50,276.98,2.99791915984479,0.998256952892954,0,-2.33785605878038,0,-1.32026396575779
TP_0C_50SOC,0,273.15,0.5,50,408.99,2.99558409556572,0.997479415531955,0,-2.33785605878038,0,-1.29967143052556
TP_0C_50SOC,0,273.15,0.5,50,708.11,2.99302360604556,0.996626815334943,0,-2.33785605878038,0,-1.25301103253555
TP_0C_50SOC,0,273.15,0.5,50,1009.1,2.98942405264463,0.99542822423952,0,-2.33785605878038,0,-1.20605892906197
TP_0C_50SOC,0,273.15,0.5,50,1285.6,2.98652927377801,0.994464311279692,0,-2.33785605878038,0,-1.16292707547732
TP_0C_50SOC,0,273.15,0.5,50,1945,2.9840553936869,0.993640550574383,0,-2.33785605878038,0,-1.06006579427039
TP_0C_50SOC,0,273.15,0.5,50,2579.2,2.98162262399036,0.99283047894307,0,-2.33785605878038,0,-0.961135517440793
TP_0C_50SOC,0,273.15,0.5,50,3286.7,2.97945910701932,0.992110063967253,0,-2.33785605878038,0,-0.85077100962474
TP_0C_50SOC,0,273.15,0.5,50,3872.7,2.97723338949598,0.991368937247557,0,-2.33785605878038,0,-0.759359558627981
TP_0C_50SOC,0,273.15,0.5,50,4483,2.9745857897287,0.990487330794799,0,-2.33785605878038,0,-0.664157496267363
TP_0C_50SOC,0,273.15,0.5,50,5118.6,2.97279959692411,0.989892558457282,0,-2.33785605878038,0,-0.565008830305691
TP_0C_50SOC,0,273.15,0.5,50,5753.1,2.97039469081612,0.989091764935057,0,-2.33785605878038,0,-0.466031755804934
TP_0C_50SOC,0,273.15,0.5,50,6388.1,2.96768680521628,0.988190084308079,0,-2.33785605878038,0,-0.366976685185579
TP_0C_50SOC,0,273.15,0.5,50,7026.7,2.96668499794046,0.987856499236159,0,-2.33785605878038,0,-0.26736004251232
TP_0C_50SOC,0,273.15,0.5,50,7663.4,2.96500105659552,0.987295774924988,0,-2.33785605878038,0,-0.168039785089732
TP_0C_50SOC,0,273.15,0.5,50,8300.1,2.96380112341537,0.986896217239733,0,-2.33785605878038,0,-0.0687195276671444
TP_0C_50SOC,0,273.15,0.5,50,9031.6,2.95698458679776,0.984626424523397,0,-2.33785605878038,0,0.0453887938416083
TP_0C_50SOC,0,273.15,0.5,50,9665.8,2.95779563543141,0.984896490157094,0,-2.33785605878038,0,0.144319070671206
TP_0C_50SOC,0,273.15,0.5,50,10302,2.95674529630389,0.984546744790045,0,-2.33785605878038,0,0.243561331975196
TP_0C_50SOC,0,273.15,0.5,50,10939,2.95472741524477,0.983874824137761,0,-2.33785605878038,0,0.342928387068942
TP_0C_50SOC,0,273.15,0.5,50,11575,2.95346787385952,0.983455417916898,0,-2.33785605878038,0,0.442139449925493
TP_0C_50SOC,0,273.15,0.5,50,12211,2.95173609387575,0.982878764138893,0,-2.33785605878038,0,0.541350512782044
TP_0C_50SOC,0,273.15,0.5,50,12844,2.94995873451384,0.982286933190087,0,-2.33785605878038,0,0.640093598927007
TP_0C_50SOC,0,273.15,0.5,50,13481,2.94888420871833,0.981929134067015,0,-2.33785605878038,0,0.739460654020753
TP_0C_50SOC,0,273.15,0.5,50,14119,2.94778239293184,0.981562247833256,0,-2.33785605878038,0,0.838983701351695
TP_0C_50SOC,0,273.15,0.5,50,14695,2.94440109599324,0.980436332490386,0,-2.33785605878038,0,0.928835229976496
TP_0C_50SOC,0,273.15,0.5,50,15148,2.9405286775678,0.979146881904298,0,-2.33785605878038,0,0.999499713426209
TP_0C_50SOC,0,273.15,0.5,50,15811,2.941135586509,0.97934897243377,0,-2.33785605878038,0,1.10292256668705
TP_0C_50SOC,0,273.15,0.5,50,17001,2.93987122769142,0.978927962088492,0,-2.33785605878038,0,1.28855332895009
TP_0C_50SOC,0,273.15,0.5,50,18239,2.93764375519728,0.978186250992864,0,-2.33785605878038,0,1.48167171859853
TP_0C_50SOC,0,273.15,0.5,50,19190,2.93643606940798,0.97778411181839,0,-2.33785605878038,0,1.63002033617177
TP_0C_50SOC,0,273.15,0.5,50,20163,2.92422758951522,0.973718892148547,0,-2.33785605878038,0,1.78180078296332
TP_0C_50SOC,0,273.15,0.5,50,21241,2.920124538008,0.972352644602575,0,-2.33785605878038,0,1.94996041466043
TP_10C_50SOC,10,283.15,0.5,50,0,2.99514302303745,1,0,-1.70195921079212,0,-1.36347069561629
TP_10C_50SOC,10,283.15,0.5,50,160.33,2.98693362811535,0.997259097525909,0,-1.70195921079212,0,-1.33846046022668
TP_10C_50SOC,10,283.15,0.5,50,276.98,2.98495406852711,0.996598174300202,0,-1.70195921079212,0,-1.32026396575779
TP_10C_50SOC,10,283.15,0.5,50,408.99,2.98298325362221,0.995940170695786,0,-1.70195921079212,0,-1.29967143052556
TP_10C_50SOC,10,283.15,0.5,50,708.11,2.97919454964705,0.994675221427581,0,-1.70195921079212,0,-1.25301103253555
TP_10C_50SOC,10,283.15,0.5,50,1009.1,2.97622507921279,0.993683792834215,0,-1.70195921079212,0,-1.20605892906197
TP_10C_50SOC,10,283.15,0.5,50,1285.6,2.97329339620611,0.99270498047563,0,-1.70195921079212,0,-1.16292707547732
TP_10C_50SOC,10,283.15,0.5,50,1945,2.96934274110786,0.991385959958792,0,-1.70195921079212,0,-1.06006579427039
TP_10C_50SOC,10,283.15,0.5,50,2579.2,2.96521149638089,0.990006645283268,0,-1.70195921079212,0,-0.961135517440793
TP_10C_50SOC,10,283.15,0.5,50,3286.7,2.96279303729644,0.989199184983092,0,-1.70195921079212,0,-0.85077100962474
TP_10C_50SOC,10,283.15,0.5,50,3872.7,2.95961372858907,0.98813769687287,0,-1.70195921079212,0,-0.759359558627981
TP_10C_50SOC,10,283.15,0.5,50,4483,2.95630505321135,0.987033016611436,0,-1.70195921079212,0,-0.664157496267363
TP_10C_50SOC,10,283.15,0.5,50,5118.6,2.95384937812907,0.986213130861944,0,-1.70195921079212,0,-0.565008830305691
TP_10C_50SOC,10,283.15,0.5,50,5753.1,2.95111775940241,0.985301114739291,0,-1.70195921079212,0,-0.466031755804934
TP_10C_50SOC,10,283.15,0.5,50,6388.1,2.94707009146304,0.9839497041695,0,-1.70195921079212,0,-0.366976685185579
TP_10C_50SOC,10,283.15,0.5,50,7026.7,2.94619285930769,0.983656819272651,0,-1.70195921079212,0,-0.26736004251232
TP_10C_50SOC,10,283.15,0.5,50,7663.4,2.9441096486201,0.982961289653008,0,-1.70195921079212,0,-0.168039785089732
TP_10C_50SOC,10,283.15,0.5,50,8300.1,2.943116692683,0.982629767608998,0,-1.70195921079212,0,-0.0687195276671444
TP_10C_50SOC,10,283.15,0.5,50,9031.6,2.93690629528863,0.980556278180746,0,-1.70195921079212,0,0.0453887938416083
TP_10C_50SOC,10,283.15,0.5,50,9665.8,2.93631175475028,0.980357776628808,0,-1.70195921079212,0,0.144319070671206
TP_10C_50SOC,10,283.15,0.5,50,10302,2.93474024842446,0.979833091726039,0,-1.70195921079212,0,0.243561331975196
TP_10C_50SOC,10,283.15,0.5,50,10939,2.93326683130805,0.979341156247474,0,-1.70195921079212,0,0.342928387068942
TP_10C_50SOC,10,283.15,0.5,50,11575,2.93139222176062,0.978715273098318,0,-1.70195921079212,0,0.442139449925493
TP_10C_50SOC,10,283.15,0.5,50,12211,2.92987069908431,0.978207276430177,0,-1.70195921079212,0,0.541350512782044
TP_10C_50SOC,10,283.15,0.5,50,12844,2.92785132351599,0.97753305968901,0,-1.70195921079212,0,0.640093598927007
TP_10C_50SOC,10,283.15,0.5,50,13481,2.92630124080085,0.977015527570104,0,-1.70195921079212,0,0.739460654020753
TP_10C_50SOC,10,283.15,0.5,50,14119,2.92440687958176,0.976383049853842,0,-1.70195921079212,0,0.838983701351695
TP_10C_50SOC,10,283.15,0.5,50,14695,2.92175347081323,0.975497145992783,0,-1.70195921079212,0,0.928835229976496
TP_10C_50SOC,10,283.15,0.5,50,15148,2.91780637447082,0.974179313651539,0,-1.70195921079212,0,0.999499713426209
TP_10C_50SOC,10,283.15,0.5,50,15811,2.91764156717528,0.97412428880155,0,-1.70195921079212,0,1.10292256668705
TP_10C_50SOC,10,283.15,0.5,50,17001,2.91567059126644,0.973466231442125,0,-1.70195921079212,0,1.28855332895009
TP_10C_50SOC,10,283.15,0.5,50,18239,2.91373336272097,0.972819441445597,0,-1.70195921079212,0,1.48167171859853
TP_10C_50SOC,10,283.15,0.5,50,19190,2.91170576879573,0.97214248080978,0,-1.70195921079212,0,1.63002033617177
TP_10C_50SOC,10,283.15,0.5,50,20163,2.90918939187331,0.971302328301848,0,-1.70195921079212,0,1.78180078296332
TP_10C_50SOC,10,283.15,0.5,50,21241,2.90412804555256,0.969612477005325,0,-1.70195921079212,0,1.94996041466043
TP_25C_0SOC,25,298.15,0,0,0,2.99596759106016,1,0,-0.748113938809723,-1.47981814800065,-1.36347069561629
TP_25C_0SOC,25,298.15,0,0,160.33,3.00197966101078,1.00200672062293,0,-0.748113938809723,-1.47981814800065,-1.33846046022668
TP_25C_0SOC,25,298.15,0,0,276.98,2.99888671442787,1.00097435078284,0,-0.748113938809723,-1.47981814800065,-1.32026396575779
TP_25C_0SOC,25,298.15,0,0,408.99,2.99718761448185,1.00040722183555,0,-0.748113938809723,-1.47981814800065,-1.29967143052556
TP_25C_0SOC,25,298.15,0,0,708.11,2.99587702252932,0.999969769856286,0,-0.748113938809723,-1.47981814800065,-1.25301103253555
TP_25C_0SOC,25,298.15,0,0,1009.1,2.99258445219199,0.998870769203824,0,-0.748113938809723,-1.47981814800065,-1.20605892906197
TP_25C_0SOC,25,298.15,0,0,1285.6,2.98975630372229,0.997926784202738,0,-0.748113938809723,-1.47981814800065,-1.16292707547732
TP_25C_0SOC,25,298.15,0,0,1945,2.98634665841445,0.996788706034598,0,-0.748113938809723,-1.47981814800065,-1.06006579427039
TP_25C_0SOC,25,298.15,0,0,2579.2,2.98372051087346,0.995912145303826,0,-0.748113938809723,-1.47981814800065,-0.961135517440793
TP_25C_0SOC,25,298.15,0,0,3286.7,2.9813581772835,0.995123640916459,0,-0.748113938809723,-1.47981814800065,-0.85077100962474
TP_25C_0SOC,25,298.15,0,0,3872.7,2.97884074853484,0.994283368559651,0,-0.748113938809723,-1.47981814800065,-0.759359558627981
TP_25C_0SOC,25,298.15,0,0,4483,2.97628191902321,0.993429277374131,0,-0.748113938809723,-1.47981814800065,-0.664157496267363
TP_25C_0SOC,25,298.15,0,0,5118.6,2.97465948771311,0.992887739036085,0,-0.748113938809723,-1.47981814800065,-0.565008830305691
TP_25C_0SOC,25,298.15,0,0,5753.1,2.97273242259977,0.992244519423467,0,-0.748113938809723,-1.47981814800065,-0.466031755804934
TP_25C_0SOC,25,298.15,0,0,6388.1,2.97420827575053,0.992737132612996,0,-0.748113938809723,-1.47981814800065,-0.366976685185579
TP_25C_0SOC,25,298.15,0,0,7026.7,2.96915371899428,0.991050012641695,0,-0.748113938809723,-1.47981814800065,-0.26736004251232
TP_25C_0SOC,25,298.15,0,0,7663.4,2.96716279236208,0.990385477204749,0,-0.748113938809723,-1.47981814800065,-0.168039785089732
TP_25C_0SOC,25,298.15,0,0,8300.1,2.96591064045195,0.989967531458652,0,-0.748113938809723,-1.47981814800065,-0.0687195276671444
TP_25C_0SOC,25,298.15,0,0,9031.6,2.9607811096136,0.988255386489642,0,-0.748113938809723,-1.47981814800065,0.0453887938416083
TP_25C_0SOC,25,298.15,0,0,9665.8,2.96012435615525,0.98803617401875,0,-0.748113938809723,-1.47981814800065,0.144319070671206
TP_25C_0SOC,25,298.15,0,0,10302,2.95836012928635,0.987447306878075,0,-0.748113938809723,-1.47981814800065,0.243561331975196
TP_25C_0SOC,25,298.15,0,0,10939,2.9571845682343,0.987054925780377,0,-0.748113938809723,-1.47981814800065,0.342928387068942
TP_25C_0SOC,25,298.15,0,0,11575,2.95570116737193,0.986559793300707,0,-0.748113938809723,-1.47981814800065,0.442139449925493
TP_25C_0SOC,25,298.15,0,0,12211,2.95427538176763,0.98608389175606,0,-0.748113938809723,-1.47981814800065,0.541350512782044
TP_25C_0SOC,25,298.15,0,0,12844,2.94909469420461,0.984354671594106,0,-0.748113938809723,-1.47981814800065,0.640093598927007
TP_25C_0SOC,25,298.15,0,0,13481,2.95111811752761,0.98503005384091,0,-0.748113938809723,-1.47981814800065,0.739460654020753
TP_25C_0SOC,25,298.15,0,0,14119,2.94975208570381,0.984574097031538,0,-0.748113938809723,-1.47981814800065,0.838983701351695
TP_25C_0SOC,25,298.15,0,0,14695,2.94801419714693,0.983994021144848,0,-0.748113938809723,-1.47981814800065,0.928835229976496
TP_25C_0SOC,25,298.15,0,0,15148,2.94384772129291,0.982603326577105,0,-0.748113938809723,-1.47981814800065,0.999499713426209
TP_25C_0SOC,25,298.15,0,0,15811,2.94372717594288,0.982563090711274,0,-0.748113938809723,-1.47981814800065,1.10292256668705
TP_25C_0SOC,25,298.15,0,0,17001,2.94228911368106,0.982083091439549,0,-0.748113938809723,-1.47981814800065,1.28855332895009
TP_25C_0SOC,25,298.15,0,0,18239,2.94064573061647,0.981534559783367,0,-0.748113938809723,-1.47981814800065,1.48167171859853
TP_25C_0SOC,25,298.15,0,0,19190,2.93902815468019,0.980994642081618,0,-0.748113938809723,-1.47981814800065,1.63002033617177
TP_25C_0SOC,25,298.15,0,0,20163,2.93753353572979,0.980495765206294,0,-0.748113938809723,-1.47981814800065,1.78180078296332
TP_25C_0SOC,25,298.15,0,0,21241,2.9322348687875,0.978727165653315,0,-0.748113938809723,-1.47981814800065,1.94996041466043
TP_25C_100SOC,25,298.15,1,100,0,2.99555043405747,1,0,-0.748113938809723,1.47981814800065,-1.36347069561629
TP_25C_100SOC,25,298.15,1,100,160.33,2.96357549568905,0.989325855440494,0,-0.748113938809723,1.47981814800065,-1.33846046022668
TP_25C_100SOC,25,298.15,1,100,276.98,2.952967574041,0.985784629251329,0,-0.748113938809723,1.47981814800065,-1.32026396575779
TP_25C_100SOC,25,298.15,1,100,408.99,2.94357205232571,0.982648136669375,0,-0.748113938809723,1.47981814800065,-1.29967143052556
TP_25C_100SOC,25,298.15,1,100,708.11,2.9319100421036,0.978755025710694,0,-0.748113938809723,1.47981814800065,-1.25301103253555
TP_25C_100SOC,25,298.15,1,100,1009.1,2.91518615352019,0.973172115674104,0,-0.748113938809723,1.47981814800065,-1.20605892906197
TP_25C_100SOC,25,298.15,1,100,1285.6,2.90677716969118,0.970364957519327,0,-0.748113938809723,1.47981814800065,-1.16292707547732
TP_25C_100SOC,25,298.15,1,100,1945,2.89470215617201,0.966333974304395,0,-0.748113938809723,1.47981814800065,-1.06006579427039
TP_25C_100SOC,25,298.15,1,100,2579.2,2.87998004377818,0.961419314138287,0,-0.748113938809723,1.47981814800065,-0.961135517440793
TP_25C_100SOC,25,298.15,1,100,3286.7,2.86439043770762,0.956215059890615,0,-0.748113938809723,1.47981814800065,-0.85077100962474
TP_25C_100SOC,25,298.15,1,100,3872.7,2.85170801932865,0.951981307644357,0,-0.748113938809723,1.47981814800065,-0.759359558627981
TP_25C_100SOC,25,298.15,1,100,4483,2.84221363711539,0.948811812614223,0,-0.748113938809723,1.47981814800065,-0.664157496267363
TP_25C_100SOC,25,298.15,1,100,5118.6,2.82998383244879,0.944729155708315,0,-0.748113938809723,1.47981814800065,-0.565008830305691
TP_25C_100SOC,25,298.15,1,100,5753.1,2.81754468296066,0.940576613542206,0,-0.748113938809723,1.47981814800065,-0.466031755804934
TP_25C_100SOC,25,298.15,1,100,6388.1,2.80886617480379,0.93767948049507,0,-0.748113938809723,1.47981814800065,-0.366976685185579
TP_25C_100SOC,25,298.15,1,100,7026.7,2.79855446179197,0.934237137179938,0,-0.748113938809723,1.47981814800065,-0.26736004251232
TP_25C_100SOC,25,298.15,1,100,7663.4,2.78866810784854,0.930936790829221,0,-0.748113938809723,1.47981814800065,-0.168039785089732
TP_25C_100SOC,25,298.15,1,100,8300.1,2.7814245912565,0.928518698811912,0,-0.748113938809723,1.47981814800065,-0.0687195276671444
TP_25C_100SOC,25,298.15,1,100,9031.6,2.76979493787247,0.924636389486785,0,-0.748113938809723,1.47981814800065,0.0453887938416083
TP_25C_100SOC,25,298.15,1,100,9665.8,2.76087888231205,0.921659956354813,0,-0.748113938809723,1.47981814800065,0.144319070671206
TP_25C_100SOC,25,298.15,1,100,10302,2.75351670051921,0.919202250515801,0,-0.748113938809723,1.47981814800065,0.243561331975196
TP_25C_100SOC,25,298.15,1,100,10939,2.74326559795092,0.915780140691929,0,-0.748113938809723,1.47981814800065,0.342928387068942
TP_25C_100SOC,25,298.15,1,100,11575,2.73677113620812,0.913612104504335,0,-0.748113938809723,1.47981814800065,0.442139449925493
TP_25C_100SOC,25,298.15,1,100,12211,2.72915108152826,0.911068313355562,0,-0.748113938809723,1.47981814800065,0.541350512782044
TP_25C_100SOC,25,298.15,1,100,12844,2.72429189980375,0.909446180184554,0,-0.748113938809723,1.47981814800065,0.640093598927007
TP_25C_100SOC,25,298.15,1,100,13481,2.71689957775423,0.906978412669952,0,-0.748113938809723,1.47981814800065,0.739460654020753
TP_25C_100SOC,25,298.15,1,100,14119,2.7109830279297,0.905003299930316,0,-0.748113938809723,1.47981814800065,0.838983701351695
TP_25C_100SOC,25,298.15,1,100,14695,2.70508880710757,0.903035641247251,0,-0.748113938809723,1.47981814800065,0.928835229976496
TP_25C_100SOC,25,298.15,1,100,15148,2.70131335725652,0.901775288622864,0,-0.748113938809723,1.47981814800065,0.999499713426209
TP_25C_100SOC,25,298.15,1,100,15811,2.69508309954679,0.899695451261791,0,-0.748113938809723,1.47981814800065,1.10292256668705
TP_25C_100SOC,25,298.15,1,100,17001,2.68914287214055,0.897712434271423,0,-0.748113938809723,1.47981814800065,1.28855332895009
TP_25C_100SOC,25,298.15,1,100,18239,2.68249757960608,0.895494046472334,0,-0.748113938809723,1.47981814800065,1.48167171859853
TP_25C_100SOC,25,298.15,1,100,19190,2.67743919940535,0.893805415179995,0,-0.748113938809723,1.47981814800065,1.63002033617177
TP_25C_100SOC,25,298.15,1,100,20163,2.67243273404129,0.892134114537836,0,-0.748113938809723,1.47981814800065,1.78180078296332
TP_25C_100SOC,25,298.15,1,100,21241,2.66628330787716,0.890081261047467,0,-0.748113938809723,1.47981814800065,1.94996041466043
TP_25C_50SOC,25,298.15,0.5,50,0,2.99311602073196,1,0,-0.748113938809723,0,-1.36347069561629
TP_25C_50SOC,25,298.15,0.5,50,160.33,2.98576569576823,0.997544256583167,0,-0.748113938809723,0,-1.33846046022668
TP_25C_50SOC,25,298.15,0.5,50,276.98,2.98455331768978,0.997139201092484,0,-0.748113938809723,0,-1.32026396575779
TP_25C_50SOC,25,298.15,0.5,50,408.99,2.98078147099219,0.995879027189613,0,-0.748113938809723,0,-1.29967143052556
TP_25C_50SOC,25,298.15,0.5,50,708.11,2.97453973103945,0.993793662001793,0,-0.748113938809723,0,-1.25301103253555
TP_25C_50SOC,25,298.15,0.5,50,1009.1,2.96376912979603,0.990195204351366,0,-0.748113938809723,0,-1.20605892906197
TP_25C_50SOC,25,298.15,0.5,50,1285.6,2.9587201521966,0.98850834104087,0,-0.748113938809723,0,-1.16292707547732
TP_25C_50SOC,25,298.15,0.5,50,1945,2.95279505260237,0.986528765390214,0,-0.748113938809723,0,-1.06006579427039
TP_25C_50SOC,25,298.15,0.5,50,2579.2,2.94712823679469,0.984635482347248,0,-0.748113938809723,0,-0.961135517440793
TP_25C_50SOC,25,298.15,0.5,50,3286.7,2.94190250252598,0.982889564637239,0,-0.748113938809723,0,-0.85077100962474
TP_25C_50SOC,25,298.15,0.5,50,3872.7,2.93702092742419,0.981258630497707,0,-0.748113938809723,0,-0.759359558627981
TP_25C_50SOC,25,298.15,0.5,50,4483,2.93261861901375,0.979787819349744,0,-0.748113938809723,0,-0.664157496267363
TP_25C_50SOC,25,298.15,0.5,50,5118.6,2.92901314245862,0.978583229707994,0,-0.748113938809723,0,-0.565008830305691
TP_25C_50SOC,25,298.15,0.5,50,5753.1,2.92429617488237,0.977007290939307,0,-0.748113938809723,0,-0.466031755804934
TP_25C_50SOC,25,298.15,0.5,50,6388.1,2.91847475558928,0.975062354875096,0,-0.748113938809723,0,-0.366976685185579
TP_25C_50SOC,25,298.15,0.5,50,7026.7,2.91759865604794,0.974769650036636,0,-0.748113938809723,0,-0.26736004251232
TP_25C_50SOC,25,298.15,0.5,50,7663.4,2.91445668426592,0.973719917329899,0,-0.748113938809723,0,-0.168039785089732
TP_25C_50SOC,25,298.15,0.5,50,8300.1,2.9121334183245,0.972943714227404,0,-0.748113938809723,0,-0.0687195276671444
TP_25C_50SOC,25,298.15,0.5,50,9031.6,2.90513937902036,0.970607005841997,0,-0.748113938809723,0,0.0453887938416083
TP_25C_50SOC,25,298.15,0.5,50,9665.8,2.90264618242107,0.969774028910257,0,-0.748113938809723,0,0.144319070671206
TP_25C_50SOC,25,298.15,0.5,50,10302,2.89980162529789,0.968823662434826,0,-0.748113938809723,0,0.243561331975196
TP_25C_50SOC,25,298.15,0.5,50,10939,2.89470837900982,0.96712200895638,0,-0.748113938809723,0,0.342928387068942
TP_25C_50SOC,25,298.15,0.5,50,11575,2.89196664088605,0.966205994306504,0,-0.748113938809723,0,0.442139449925493
TP_25C_50SOC,25,298.15,0.5,50,12211,2.88960681333003,0.965417575969335,0,-0.748113938809723,0,0.541350512782044
TP_25C_50SOC,25,298.15,0.5,50,12844,2.88676699536235,0.964468792845657,0,-0.748113938809723,0,0.640093598927007
TP_25C_50SOC,25,298.15,0.5,50,13481,2.88399656395725,0.963543191771088,0,-0.748113938809723,0,0.739460654020753
TP_25C_50SOC,25,298.15,0.5,50,14119,2.88107644115878,0.962567578805121,0,-0.748113938809723,0,0.838983701351695
TP_25C_50SOC,25,298.15,0.5,50,14695,2.87848479916891,0.961701711270445,0,-0.748113938809723,0,0.928835229976496
TP_25C_50SOC,25,298.15,0.5,50,15148,2.874207771905,0.96027275655092,0,-0.748113938809723,0,0.999499713426209
TP_25C_50SOC,25,298.15,0.5,50,15811,2.87220409481307,0.959603328076363,0,-0.748113938809723,0,1.10292256668705
TP_25C_50SOC,25,298.15,0.5,50,17001,2.86825504037541,0.958283949071237,0,-0.748113938809723,0,1.28855332895009
TP_25C_50SOC,25,298.15,0.5,50,18239,2.86402930777808,0.956872131898745,0,-0.748113938809723,0,1.48167171859853
TP_25C_50SOC,25,298.15,0.5,50,19190,2.86082298306574,0.955800898879333,0,-0.748113938809723,0,1.63002033617177
TP_25C_50SOC,25,298.15,0.5,50,20163,2.85696189841292,0.954510910577485,0,-0.748113938809723,0,1.78180078296332
TP_25C_50SOC,25,298.15,0.5,50,21241,2.85160038816165,0.952719630114538,0,-0.748113938809723,0,1.94996041466043
TP_40C_0SOC,40,313.15,0,0,0,2.9948,1,0,0.205731333172674,-1.47981814800065,-1.36347069561629
TP_40C_0SOC,40,313.15,0,0,160.33,3.0011,1.00210364632029,0,0.205731333172674,-1.47981814800065,-1.33846046022668
TP_40C_0SOC,40,313.15,0,0,276.98,3.0001,1.00176973420596,0,0.205731333172674,-1.47981814800065,-1.32026396575779
TP_40C_0SOC,40,313.15,0,0,408.99,2.9973,1.00083478028583,0,0.205731333172674,-1.47981814800065,-1.29967143052556
TP_40C_0SOC,40,313.15,0,0,708.11,2.99502206116749,1.00007414891395,0,0.205731333172674,-1.47981814800065,-1.25301103253555
TP_40C_0SOC,40,313.15,0,0,1009.1,2.99091049212937,0.998701246203209,0,0.205731333172674,-1.47981814800065,-1.20605892906197
TP_40C_0SOC,40,313.15,0,0,1285.6,2.98700127632553,0.99739591168877,0,0.205731333172674,-1.47981814800065,-1.16292707547732
TP_40C_0SOC,40,313.15,0,0,1945,2.98289513185394,0.996024820306511,0,0.205731333172674,-1.47981814800065,-1.06006579427039
TP_40C_0SOC,40,313.15,0,0,2579.2,2.97826819307978,0.994479829397549,0,0.205731333172674,-1.47981814800065,-0.961135517440793
TP_40C_0SOC,40,313.15,0,0,3286.7,2.97400102997084,0.993054971941645,0,0.205731333172674,-1.47981814800065,-0.85077100962474
TP_40C_0SOC,40,313.15,0,0,3872.7,2.96987421127762,0.99167697718633,0,0.205731333172674,-1.47981814800065,-0.759359558627981
TP_40C_0SOC,40,313.15,0,0,4483,2.96616523961604,0.990438506616816,0,0.205731333172674,-1.47981814800065,-0.664157496267363
TP_40C_0SOC,40,313.15,0,0,5118.6,2.96279576093274,0.98931339686548,0,0.205731333172674,-1.47981814800065,-0.565008830305691
TP_40C_0SOC,40,313.15,0,0,5753.1,2.95902279454768,0.988053557682543,0,0.205731333172674,-1.47981814800065,-0.466031755804934
TP_40C_0SOC,40,313.15,0,0,6388.1,2.95868926281518,0.987942187396547,0,0.205731333172674,-1.47981814800065,-0.366976685185579
TP_40C_0SOC,40,313.15,0,0,7026.7,2.95266203382302,0.985929622620215,0,0.205731333172674,-1.47981814800065,-0.26736004251232
TP_40C_0SOC,40,313.15,0,0,7663.4,2.94967149683911,0.984931046092931,0,0.205731333172674,-1.47981814800065,-0.168039785089732
TP_40C_0SOC,40,313.15,0,0,8300.1,2.94678478001385,0.983967136374332,0,0.205731333172674,-1.47981814800065,-0.0687195276671444
TP_40C_0SOC,40,313.15,0,0,9031.6,2.93929676500226,0.981466797449666,0,0.205731333172674,-1.47981814800065,0.0453887938416083
TP_40C_0SOC,40,313.15,0,0,9665.8,2.93767028290526,0.980923695373734,0,0.205731333172674,-1.47981814800065,0.144319070671206
TP_40C_0SOC,40,313.15,0,0,10302,2.93584928913963,0.980315643495268,0,0.205731333172674,-1.47981814800065,0.243561331975196
TP_40C_0SOC,40,313.15,0,0,10939,2.93317548636601,0.979422828357824,0,0.205731333172674,-1.47981814800065,0.342928387068942
TP_40C_0SOC,40,313.15,0,0,11575,2.93041926241196,0.978502491789755,0,0.205731333172674,-1.47981814800065,0.442139449925493
TP_40C_0SOC,40,313.15,0,0,12211,2.92802764702082,0.977703902437832,0,0.205731333172674,-1.47981814800065,0.541350512782044
TP_40C_0SOC,40,313.15,0,0,12844,2.92404020773476,0.976372448155055,0,0.205731333172674,-1.47981814800065,0.640093598927007
TP_40C_0SOC,40,313.15,0,0,13481,2.92291858899488,0.975997926070148,0,0.205731333172674,-1.47981814800065,0.739460654020753
TP_40C_0SOC,40,313.15,0,0,14119,2.92006944108881,0.975046561068789,0,0.205731333172674,-1.47981814800065,0.838983701351695
TP_40C_0SOC,40,313.15,0,0,14695,2.91709105994244,0.97405204352292,0,0.205731333172674,-1.47981814800065,0.928835229976496
TP_40C_0SOC,40,313.15,0,0,15148,2.91093018416973,0.97199485246752,0,0.205731333172674,-1.47981814800065,0.999499713426209
TP_40C_0SOC,40,313.15,0,0,15811,2.90966446425874,0.97157221325589,0,0.205731333172674,-1.47981814800065,1.10292256668705
TP_40C_0SOC,40,313.15,0,0,17001,2.9068539654713,0.97063375366345,0,0.205731333172674,-1.47981814800065,1.28855332895009
TP_40C_0SOC,40,313.15,0,0,18239,2.90382736869431,0.969623136334416,0,0.205731333172674,-1.47981814800065,1.48167171859853
TP_40C_0SOC,40,313.15,0,0,19190,2.89960626055988,0.968213657192427,0,0.205731333172674,-1.47981814800065,1.63002033617177
TP_40C_0SOC,40,313.15,0,0,20163,2.89667329249514,0.967234303624663,0,0.205731333172674,-1.47981814800065,1.78180078296332
TP_40C_0SOC,40,313.15,0,0,21241,2.88850751588701,0.964507651892283,0,0.205731333172674,-1.47981814800065,1.94996041466043
TP_40C_100SOC,40,313.15,1,100,0,2.99353745610228,1,0,0.205731333172674,1.47981814800065,-1.36347069561629
TP_40C_100SOC,40,313.15,1,100,160.33,2.95096430652603,0.985778314051336,0,0.205731333172674,1.47981814800065,-1.33846046022668
TP_40C_100SOC,40,313.15,1,100,276.98,2.93561570050631,0.980651067025102,0,0.205731333172674,1.47981814800065,-1.32026396575779
TP_40C_100SOC,40,313.15,1,100,408.99,2.92245169644657,0.976253592714932,0,0.205731333172674,1.47981814800065,-1.29967143052556
TP_40C_100SOC,40,313.15,1,100,708.11,2.90327695258843,0.969848213079861,0,0.205731333172674,1.47981814800065,-1.25301103253555
TP_40C_100SOC,40,313.15,1,100,1009.1,2.8873520139535,0.964528440446829,0,0.205731333172674,1.47981814800065,-1.20605892906197
TP_40C_100SOC,40,313.15,1,100,1285.6,2.87435675384775,0.960187335551262,0,0.205731333172674,1.47981814800065,-1.16292707547732
TP_40C_100SOC,40,313.15,1,100,1945,2.8535091778129,0.953223141402846,0,0.205731333172674,1.47981814800065,-1.06006579427039
TP_40C_100SOC,40,313.15,1,100,2579.2,2.83615242369884,0.947425066593834,0,0.205731333172674,1.47981814800065,-0.961135517440793
TP_40C_100SOC,40,313.15,1,100,3286.7,2.82030632692463,0.942131631316481,0,0.205731333172674,1.47981814800065,-0.85077100962474
TP_40C_100SOC,40,313.15,1,100,3872.7,2.8087481777221,0.9382705975489,0,0.205731333172674,1.47981814800065,-0.759359558627981
TP_40C_100SOC,40,313.15,1,100,4483,2.79732606134809,0.934455005948158,0,0.205731333172674,1.47981814800065,-0.664157496267363
TP_40C_100SOC,40,313.15,1,100,5118.6,2.78626992590091,0.930761671353449,0,0.205731333172674,1.47981814800065,-0.565008830305691
TP_40C_100SOC,40,313.15,1,100,5753.1,2.77547115047887,0.92715430863279,0,0.205731333172674,1.47981814800065,-0.466031755804934
TP_40C_100SOC,40,313.15,1,100,6388.1,2.76585149128599,0.923940833159727,0,0.205731333172674,1.47981814800065,-0.366976685185579
TP_40C_100SOC,40,313.15,1,100,7026.7,2.7563519416635,0.920767480642248,0,0.205731333172674,1.47981814800065,-0.26736004251232
TP_40C_100SOC,40,313.15,1,100,7663.4,2.74786892830153,0.917933705055215,0,0.205731333172674,1.47981814800065,-0.168039785089732
TP_40C_100SOC,40,313.15,1,100,8300.1,2.74042249266808,0.915446201310016,0,0.205731333172674,1.47981814800065,-0.0687195276671444
TP_40C_100SOC,40,313.15,1,100,9031.6,2.73067152347033,0.912188861343257,0,0.205731333172674,1.47981814800065,0.0453887938416083
TP_40C_100SOC,40,313.15,1,100,9665.8,2.72233658020748,0.909404549008745,0,0.205731333172674,1.47981814800065,0.144319070671206
TP_40C_100SOC,40,313.15,1,100,10302,2.71531254863028,0.907058150582067,0,0.205731333172674,1.47981814800065,0.243561331975196
TP_40C_100SOC,40,313.15,1,100,10939,2.70902111807689,0.904956479684125,0,0.205731333172674,1.47981814800065,0.342928387068942
TP_40C_100SOC,40,313.15,1,100,11575,2.70156453545954,0.902465586309081,0,0.205731333172674,1.47981814800065,0.442139449925493
TP_40C_100SOC,40,313.15,1,100,12211,2.69496212510153,0.900260031691901,0,0.205731333172674,1.47981814800065,0.541350512782044
TP_40C_100SOC,40,313.15,1,100,12844,2.68731804834882,0.897706505348969,0,0.205731333172674,1.47981814800065,0.640093598927007
TP_40C_100SOC,40,313.15,1,100,13481,2.68103647244215,0.895608126424775,0,0.205731333172674,1.47981814800065,0.739460654020753
TP_40C_100SOC,40,313.15,1,100,14119,2.67455066247168,0.893441522510316,0,0.205731333172674,1.47981814800065,0.838983701351695
TP_40C_100SOC,40,313.15,1,100,14695,2.66883439703043,0.891531987211335,0,0.205731333172674,1.47981814800065,0.928835229976496
TP_40C_100SOC,40,313.15,1,100,15148,2.66464728798699,0.890133271108784,0,0.205731333172674,1.47981814800065,0.999499713426209
TP_40C_100SOC,40,313.15,1,100,15811,2.65784815047521,0.887861999206734,0,0.205731333172674,1.47981814800065,1.10292256668705
TP_40C_100SOC,40,313.15,1,100,17001,2.61843226819492,0.874695007693084,0,0.205731333172674,1.47981814800065,1.28855332895009
TP_40C_100SOC,40,313.15,1,100,18239,2.60768942034896,0.871106327743862,0,0.205731333172674,1.47981814800065,1.48167171859853
TP_40C_100SOC,40,313.15,1,100,19190,2.60015739436624,0.868590232290516,0,0.205731333172674,1.47981814800065,1.63002033617177
TP_40C_100SOC,40,313.15,1,100,20163,2.59347190483089,0.866356924829565,0,0.205731333172674,1.47981814800065,1.78180078296332
TP_40C_100SOC,40,313.15,1,100,21241,2.5861176330101,0.863900208677309,0,0.205731333172674,1.47981814800065,1.94996041466043
TP_40C_12SOC,40,313.15,0.125,12.5,0,2.99404225310133,1,0,0.205731333172674,-1.10986361100049,-1.36347069561629
TP_40C_12SOC,40,313.15,0.125,12.5,160.33,3.00065842053856,1.00220977757758,0,0.205731333172674,-1.10986361100049,-1.33846046022668
TP_40C_12SOC,40,313.15,0.125,12.5,276.98,2.99823369530128,1.00139992753797,0,0.205731333172674,-1.10986361100049,-1.32026396575779
TP_40C_12SOC,40,313.15,0.125,12.5,408.99,2.99271617642372,0.999557094868572,0,0.205731333172674,-1.10986361100049,-1.29967143052556
TP_40C_12SOC,40,313.15,0.125,12.5,708.11,2.98544013760405,0.997126922478008,0,0.205731333172674,-1.10986361100049,-1.25301103253555
TP_40C_12SOC,40,313.15,0.125,12.5,1009.1,2.97978864751051,0.995239343874972,0,0.205731333172674,-1.10986361100049,-1.20605892906197
TP_40C_12SOC,40,313.15,0.125,12.5,1285.6,2.97389863273872,0.99327209883503,0,0.205731333172674,-1.10986361100049,-1.16292707547732
TP_40C_12SOC,40,313.15,0.125,12.5,1945,2.96540058932612,0.990433781037812,0,0.205731333172674,-1.10986361100049,-1.06006579427039
TP_40C_12SOC,40,313.15,0.125,12.5,2579.2,2.95745541845676,0.98778012080268,0,0.205731333172674,-1.10986361100049,-0.961135517440793
TP_40C_12SOC,40,313.15,0.125,12.5,3286.7,2.94958876741385,0.985152685924378,0,0.205731333172674,-1.10986361100049,-0.85077100962474
TP_40C_12SOC,40,313.15,0.125,12.5,3872.7,2.94295478130857,0.982936956971852,0,0.205731333172674,-1.10986361100049,-0.759359558627981
TP_40C_12SOC,40,313.15,0.125,12.5,4483,2.93677553882467,0.980873110852948,0,0.205731333172674,-1.10986361100049,-0.664157496267363
TP_40C_12SOC,40,313.15,0.125,12.5,5118.6,2.93062461836519,0.97881872419454,0,0.205731333172674,-1.10986361100049,-0.565008830305691
TP_40C_12SOC,40,313.15,0.125,12.5,5753.1,2.9244433250141,0.976754193092921,0,0.205731333172674,-1.10986361100049,-0.466031755804934
TP_40C_12SOC,40,313.15,0.125,12.5,6388.1,2.9175581661245,0.974454573278782,0,0.205731333172674,-1.10986361100049,-0.366976685185579
TP_40C_12SOC,40,313.15,0.125,12.5,7026.7,2.91271432604751,0.972836747053393,0,0.205731333172674,-1.10986361100049,-0.26736004251232
TP_40C_12SOC,40,313.15,0.125,12.5,7663.4,2.90711411757997,0.970966296340235,0,0.205731333172674,-1.10986361100049,-0.168039785089732
TP_40C_12SOC,40,313.15,0.125,12.5,8300.1,2.90194525279269,0.969239912959397,0,0.205731333172674,-1.10986361100049,-0.0687195276671444
TP_40C_12SOC,40,313.15,0.125,12.5,9031.6,2.89194863143169,0.96590107518894,0,0.205731333172674,-1.10986361100049,0.0453887938416083
TP_40C_12SOC,40,313.15,0.125,12.5,9665.8,2.88847994468534,0.964742545531331,0,0.205731333172674,-1.10986361100049,0.144319070671206
TP_40C_12SOC,40,313.15,0.125,12.5,10302,2.88372178742421,0.963153337077041,0,0.205731333172674,-1.10986361100049,0.243561331975196
TP_40C_12SOC,40,313.15,0.125,12.5,10939,2.87869786776903,0.961475364880765,0,0.205731333172674,-1.10986361100049,0.342928387068942
TP_40C_12SOC,40,313.15,0.125,12.5,11575,2.87325162667446,0.959656338750146,0,0.205731333172674,-1.10986361100049,0.442139449925493
TP_40C_12SOC,40,313.15,0.125,12.5,12211,2.86839777861528,0.958035169892508,0,0.205731333172674,-1.10986361100049,0.541350512782044
TP_40C_12SOC,40,313.15,0.125,12.5,12844,2.86307937229944,0.956258840146216,0,0.205731333172674,-1.10986361100049,0.640093598927007
TP_40C_12SOC,40,313.15,0.125,12.5,13481,2.85919900325859,0.954962809992723,0,0.205731333172674,-1.10986361100049,0.739460654020753
TP_40C_12SOC,40,313.15,0.125,12.5,14119,2.85396060159898,0.953213201531392,0,0.205731333172674,-1.10986361100049,0.838983701351695
TP_40C_12SOC,40,313.15,0.125,12.5,14695,2.84883424129114,0.951501014503126,0,0.205731333172674,-1.10986361100049,0.928835229976496
TP_40C_12SOC,40,313.15,0.125,12.5,15148,2.84155350480795,0.949069273108812,0,0.205731333172674,-1.10986361100049,0.999499713426209
TP_40C_12SOC,40,313.15,0.125,12.5,15811,2.83811269792865,0.947920055232633,0,0.205731333172674,-1.10986361100049,1.10292256668705
TP_40C_12SOC,40,313.15,0.125,12.5,17001,2.83054103281938,0.945391144659836,0,0.205731333172674,-1.10986361100049,1.28855332895009
TP_40C_12SOC,40,313.15,0.125,12.5,18239,2.82222944950146,0.942615103904462,0,0.205731333172674,-1.10986361100049,1.48167171859853
TP_40C_12SOC,40,313.15,0.125,12.5,19190,2.81560217698587,0.940401617268218,0,0.205731333172674,-1.10986361100049,1.63002033617177
TP_40C_12SOC,40,313.15,0.125,12.5,20163,2.80903370903091,0.938207771156609,0,0.205731333172674,-1.10986361100049,1.78180078296332
TP_40C_12SOC,40,313.15,0.125,12.5,21241,2.79920026653544,0.934923434576093,0,0.205731333172674,-1.10986361100049,1.94996041466043
TP_40C_25SOC,40,313.15,0.25,25,0,2.99911279136341,1,0,0.205731333172674,-0.739909074000325,-1.36347069561629
TP_40C_25SOC,40,313.15,0.25,25,160.33,2.99060839208556,0.997164361639769,0,0.205731333172674,-0.739909074000325,-1.33846046022668
TP_40C_25SOC,40,313.15,0.25,25,276.98,2.98641627269096,0.995766575132148,0,0.205731333172674,-0.739909074000325,-1.32026396575779
TP_40C_25SOC,40,313.15,0.25,25,408.99,2.98063243873549,0.993838060148609,0,0.205731333172674,-0.739909074000325,-1.29967143052556
TP_40C_25SOC,40,313.15,0.25,25,708.11,2.97019289844463,0.990357183963851,0,0.205731333172674,-0.739909074000325,-1.25301103253555
TP_40C_25SOC,40,313.15,0.25,25,1009.1,2.96273916569936,0.987871871385166,0,0.205731333172674,-0.739909074000325,-1.20605892906197
TP_40C_25SOC,40,313.15,0.25,25,1285.6,2.95664488151565,0.985839842379368,0,0.205731333172674,-0.739909074000325,-1.16292707547732
TP_40C_25SOC,40,313.15,0.25,25,1945,2.94506104690745,0.981977421919038,0,0.205731333172674,-0.739909074000325,-1.06006579427039
TP_40C_25SOC,40,313.15,0.25,25,2579.2,2.93518199360573,0.978683429999104,0,0.205731333172674,-0.739909074000325,-0.961135517440793
TP_40C_25SOC,40,313.15,0.25,25,3286.7,2.92582391474432,0.975563147598136,0,0.205731333172674,-0.739909074000325,-0.85077100962474
TP_40C_25SOC,40,313.15,0.25,25,3872.7,2.91818687239569,0.973016713742556,0,0.205731333172674,-0.739909074000325,-0.759359558627981
TP_40C_25SOC,40,313.15,0.25,25,4483,2.91025590322585,0.9703722752964,0,0.205731333172674,-0.739909074000325,-0.664157496267363
TP_40C_25SOC,40,313.15,0.25,25,5118.6,2.90328345177606,0.968047437274346,0,0.205731333172674,-0.739909074000325,-0.565008830305691
TP_40C_25SOC,40,313.15,0.25,25,5753.1,2.89599857878134,0.965618427930083,0,0.205731333172674,-0.739909074000325,-0.466031755804934
TP_40C_25SOC,40,313.15,0.25,25,6388.1,2.88806829293145,0.962974217324625,0,0.205731333172674,-0.739909074000325,-0.366976685185579
TP_40C_25SOC,40,313.15,0.25,25,7026.7,2.88192250118991,0.960925014053831,0,0.205731333172674,-0.739909074000325,-0.26736004251232
TP_40C_25SOC,40,313.15,0.25,25,7663.4,2.87692671312928,0.959259258742789,0,0.205731333172674,-0.739909074000325,-0.168039785089732
TP_40C_25SOC,40,313.15,0.25,25,8300.1,2.87079447489836,0.957214574645352,0,0.205731333172674,-0.739909074000325,-0.0687195276671444
TP_40C_25SOC,40,313.15,0.25,25,9031.6,2.85962669322762,0.953490879523614,0,0.205731333172674,-0.739909074000325,0.0453887938416083
TP_40C_25SOC,40,313.15,0.25,25,9665.8,2.8553396418788,0.952061439670213,0,0.205731333172674,-0.739909074000325,0.144319070671206
TP_40C_25SOC,40,313.15,0.25,25,10302,2.85035728750016,0.950400163577834,0,0.205731333172674,-0.739909074000325,0.243561331975196
TP_40C_25SOC,40,313.15,0.25,25,10939,2.84488255150425,0.948574711726982,0,0.205731333172674,-0.739909074000325,0.342928387068942
TP_40C_25SOC,40,313.15,0.25,25,11575,2.83877939442901,0.946539724215737,0,0.205731333172674,-0.739909074000325,0.442139449925493
TP_40C_25SOC,40,313.15,0.25,25,12211,2.83308175738204,0.944639950034726,0,0.205731333172674,-0.739909074000325,0.541350512782044
TP_40C_25SOC,40,313.15,0.25,25,12844,2.82856550858766,0.943134088432127,0,0.205731333172674,-0.739909074000325,0.640093598927007
TP_40C_25SOC,40,313.15,0.25,25,13481,2.82234770873289,0.941060875356354,0,0.205731333172674,-0.739909074000325,0.739460654020753
TP_40C_25SOC,40,313.15,0.25,25,14119,2.81718081943637,0.939338069428081,0,0.205731333172674,-0.739909074000325,0.838983701351695
TP_40C_25SOC,40,313.15,0.25,25,14695,2.81216044323106,0.937664115644227,0,0.205731333172674,-0.739909074000325,0.928835229976496
TP_40C_25SOC,40,313.15,0.25,25,15148,2.80504648659831,0.935292095274324,0,0.205731333172674,-0.739909074000325,0.999499713426209
TP_40C_25SOC,40,313.15,0.25,25,15811,2.80154470550731,0.93412448960738,0,0.205731333172674,-0.739909074000325,1.10292256668705
TP_40C_25SOC,40,313.15,0.25,25,17001,2.79338873826649,0.931405029617643,0,0.205731333172674,-0.739909074000325,1.28855332895009
TP_40C_25SOC,40,313.15,0.25,25,18239,2.78496498062024,0.928596279753181,0,0.205731333172674,-0.739909074000325,1.48167171859853
TP_40C_25SOC,40,313.15,0.25,25,19190,2.77779506503256,0.926205600880306,0,0.205731333172674,-0.739909074000325,1.63002033617177
TP_40C_25SOC,40,313.15,0.25,25,20163,2.7713572351126,0.924059022752768,0,0.205731333172674,-0.739909074000325,1.78180078296332
TP_40C_25SOC,40,313.15,0.25,25,21241,2.76084177847413,0.920552833632855,0,0.205731333172674,-0.739909074000325,1.94996041466043
TP_40C_38SOC,40,313.15,0.375,37.5,0,2.99268902370095,1,0,0.205731333172674,-0.369954537000163,-1.36347069561629
TP_40C_38SOC,40,313.15,0.375,37.5,160.33,2.97989014715114,0.995723285497274,0,0.205731333172674,-0.369954537000163,-1.33846046022668
TP_40C_38SOC,40,313.15,0.375,37.5,276.98,2.97113392299188,0.992797413784606,0,0.205731333172674,-0.369954537000163,-1.32026396575779
TP_40C_38SOC,40,313.15,0.375,37.5,408.99,2.96345211573732,0.990230555954165,0,0.205731333172674,-0.369954537000163,-1.29967143052556
TP_40C_38SOC,40,313.15,0.375,37.5,708.11,2.95190500360384,0.986372115587648,0,0.205731333172674,-0.369954537000163,-1.25301103253555
TP_40C_38SOC,40,313.15,0.375,37.5,1009.1,2.9419920624143,0.983059729599317,0,0.205731333172674,-0.369954537000163,-1.20605892906197
TP_40C_38SOC,40,313.15,0.375,37.5,1285.6,2.93359980334139,0.980255475964393,0,0.205731333172674,-0.369954537000163,-1.16292707547732
TP_40C_38SOC,40,313.15,0.375,37.5,1945,2.91968527853025,0.975605970218577,0,0.205731333172674,-0.369954537000163,-1.06006579427039
TP_40C_38SOC,40,313.15,0.375,37.5,2579.2,2.90786917299756,0.971657646340248,0,0.205731333172674,-0.369954537000163,-0.961135517440793
TP_40C_38SOC,40,313.15,0.375,37.5,3286.7,2.89647227871794,0.967849400916363,0,0.205731333172674,-0.369954537000163,-0.85077100962474
TP_40C_38SOC,40,313.15,0.375,37.5,3872.7,2.88700738096908,0.964686727590167,0,0.205731333172674,-0.369954537000163,-0.759359558627981
TP_40C_38SOC,40,313.15,0.375,37.5,4483,2.87825956198802,0.961763664448029,0,0.205731333172674,-0.369954537000163,-0.664157496267363
TP_40C_38SOC,40,313.15,0.375,37.5,5118.6,2.86973722164979,0.958915944464183,0,0.205731333172674,-0.369954537000163,-0.565008830305691
TP_40C_38SOC,40,313.15,0.375,37.5,5753.1,2.86135126238592,0.956113795895636,0,0.205731333172674,-0.369954537000163,-0.466031755804934
TP_40C_38SOC,40,313.15,0.375,37.5,6388.1,2.85395550707285,0.953642521648797,0,0.205731333172674,-0.369954537000163,-0.366976685185579
TP_40C_38SOC,40,313.15,0.375,37.5,7026.7,2.84524870714164,0.950733164925711,0,0.205731333172674,-0.369954537000163,-0.26736004251232
TP_40C_38SOC,40,313.15,0.375,37.5,7663.4,2.83809573734448,0.948343016888106,0,0.205731333172674,-0.369954537000163,-0.168039785089732
TP_40C_38SOC,40,313.15,0.375,37.5,8300.1,2.83266275806325,0.946527599636864,0,0.205731333172674,-0.369954537000163,-0.0687195276671444
TP_40C_38SOC,40,313.15,0.375,37.5,9031.6,2.82174508782412,0.942879485799219,0,0.205731333172674,-0.369954537000163,0.0453887938416083
TP_40C_38SOC,40,313.15,0.375,37.5,9665.8,2.81617189402308,0.941017216195896,0,0.205731333172674,-0.369954537000163,0.144319070671206
TP_40C_38SOC,40,313.15,0.375,37.5,10302,2.80979216184287,0.938885443689736,0,0.205731333172674,-0.369954537000163,0.243561331975196
TP_40C_38SOC,40,313.15,0.375,37.5,10939,2.80372976025677,0.9368597064554,0,0.205731333172674,-0.369954537000163,0.342928387068942
TP_40C_38SOC,40,313.15,0.375,37.5,11575,2.79756307758489,0.934799123941466,0,0.205731333172674,-0.369954537000163,0.442139449925493
TP_40C_38SOC,40,313.15,0.375,37.5,12211,2.79163934478268,0.932819722555189,0,0.205731333172674,-0.369954537000163,0.541350512782044
TP_40C_38SOC,40,313.15,0.375,37.5,12844,2.78351009689924,0.930103353490759,0,0.205731333172674,-0.369954537000163,0.640093598927007
TP_40C_38SOC,40,313.15,0.375,37.5,13481,2.77892760931277,0.928572126039401,0,0.205731333172674,-0.369954537000163,0.739460654020753
TP_40C_38SOC,40,313.15,0.375,37.5,14119,2.7732502850305,0.926675061480635,0,0.205731333172674,-0.369954537000163,0.838983701351695
TP_40C_38SOC,40,313.15,0.375,37.5,14695,2.76716125368205,0.924640425973829,0,0.205731333172674,-0.369954537000163,0.928835229976496
TP_40C_38SOC,40,313.15,0.375,37.5,15148,2.76504422374046,0.923933025397016,0,0.205731333172674,-0.369954537000163,0.999499713426209
TP_40C_38SOC,40,313.15,0.375,37.5,15811,2.75807913253349,0.921605656548529,0,0.205731333172674,-0.369954537000163,1.10292256668705
TP_40C_38SOC,40,313.15,0.375,37.5,17001,2.74787023499246,0.918194377441285,0,0.205731333172674,-0.369954537000163,1.28855332895009
TP_40C_38SOC,40,313.15,0.375,37.5,18239,2.73897610386063,0.915222424438018,0,0.205731333172674,-0.369954537000163,1.48167171859853
TP_40C_38SOC,40,313.15,0.375,37.5,19190,2.73150522253323,0.912726047010149,0,0.205731333172674,-0.369954537000163,1.63002033617177
TP_40C_38SOC,40,313.15,0.375,37.5,20163,2.72411982457652,0.910258233649582,0,0.205731333172674,-0.369954537000163,1.78180078296332
TP_40C_38SOC,40,313.15,0.375,37.5,21241,2.71544149645906,0.90735839071611,0,0.205731333172674,-0.369954537000163,1.94996041466043
TP_40C_50SOC,40,313.15,0.5,50,0,2.98963756864357,1,0,0.205731333172674,0,-1.36347069561629
TP_40C_50SOC,40,313.15,0.5,50,160.33,2.98246573057286,0.997601101168272,0,0.205731333172674,0,-1.33846046022668
TP_40C_50SOC,40,313.15,0.5,50,276.98,2.97447020062843,0.994926686708041,0,0.205731333172674,0,-1.32026396575779
TP_40C_50SOC,40,313.15,0.5,50,408.99,2.96553829141535,0.99193906395846,0,0.205731333172674,0,-1.29967143052556
TP_40C_50SOC,40,313.15,0.5,50,708.11,2.95351738009719,0.987918204893723,0,0.205731333172674,0,-1.25301103253555
TP_40C_50SOC,40,313.15,0.5,50,1009.1,2.94325058871135,0.984484079134292,0,0.205731333172674,0,-1.20605892906197
TP_40C_50SOC,40,313.15,0.5,50,1285.6,2.93419185873499,0.981454036271783,0,0.205731333172674,0,-1.16292707547732
TP_40C_50SOC,40,313.15,0.5,50,1945,2.92008771936436,0.976736360952687,0,0.205731333172674,0,-1.06006579427039
TP_40C_50SOC,40,313.15,0.5,50,2579.2,2.90808062407934,0.972720123194989,0,0.205731333172674,0,-0.961135517440793
TP_40C_50SOC,40,313.15,0.5,50,3286.7,2.89622595209746,0.968754869310633,0,0.205731333172674,0,-0.85077100962474
TP_40C_50SOC,40,313.15,0.5,50,3872.7,2.88719039810577,0.965732578553232,0,0.205731333172674,0,-0.759359558627981
TP_40C_50SOC,40,313.15,0.5,50,4483,2.87829752999192,0.962758014610391,0,0.205731333172674,0,-0.664157496267363
TP_40C_50SOC,40,313.15,0.5,50,5118.6,2.86967977215158,0.959875471946783,0,0.205731333172674,0,-0.565008830305691
TP_40C_50SOC,40,313.15,0.5,50,5753.1,2.86085917234156,0.956925080935333,0,0.205731333172674,0,-0.466031755804934
TP_40C_50SOC,40,313.15,0.5,50,6388.1,2.85206209166006,0.953982556806734,0,0.205731333172674,0,-0.366976685185579
TP_40C_50SOC,40,313.15,0.5,50,7026.7,2.8450704886893,0.951643944580258,0,0.205731333172674,0,-0.26736004251232
TP_40C_50SOC,40,313.15,0.5,50,7663.4,2.83774687033317,0.949194276957352,0,0.205731333172674,0,-0.168039785089732
TP_40C_50SOC,40,313.15,0.5,50,8300.1,2.8320053196502,0.947273793102323,0,0.205731333172674,0,-0.0687195276671444
TP_40C_50SOC,40,313.15,0.5,50,9031.6,2.82060513699998,0.943460560766139,0,0.205731333172674,0,0.0453887938416083
TP_40C_50SOC,40,313.15,0.5,50,9665.8,2.81525729814096,0.94167176906941,0,0.205731333172674,0,0.144319070671206
TP_40C_50SOC,40,313.15,0.5,50,10302,2.80893840283054,0.939558169957365,0,0.205731333172674,0,0.243561331975196
TP_40C_50SOC,40,313.15,0.5,50,10939,2.80236478854221,0.937359370224155,0,0.205731333172674,0,0.342928387068942
TP_40C_50SOC,40,313.15,0.5,50,11575,2.79476556167363,0.934817514666717,0,0.205731333172674,0,0.442139449925493
TP_40C_50SOC,40,313.15,0.5,50,12211,2.78920391550237,0.932957206838908,0,0.205731333172674,0,0.541350512782044
TP_40C_50SOC,40,313.15,0.5,50,12844,2.78487941707447,0.931510710958184,0,0.205731333172674,0,0.640093598927007
TP_40C_50SOC,40,313.15,0.5,50,13481,2.77800720584352,0.929212033920196,0,0.205731333172674,0,0.739460654020753
TP_40C_50SOC,40,313.15,0.5,50,14119,2.77225856618105,0.92728917888159,0,0.205731333172674,0,0.838983701351695
TP_40C_50SOC,40,313.15,0.5,50,14695,2.76634845490801,0.925312313413004,0,0.205731333172674,0,0.928835229976496
TP_40C_50SOC,40,313.15,0.5,50,15148,2.77112745687444,0.926910835593938,0,0.205731333172674,0,0.999499713426209
TP_40C_50SOC,40,313.15,0.5,50,15811,2.75850594583496,0.922689082705943,0,0.205731333172674,0,1.10292256668705
TP_40C_50SOC,40,313.15,0.5,50,17001,2.74719228674489,0.918904791523382,0,0.205731333172674,0,1.28855332895009
TP_40C_50SOC,40,313.15,0.5,50,18239,2.73769362138802,0.915727595244978,0,0.205731333172674,0,1.48167171859853
TP_40C_50SOC,40,313.15,0.5,50,19190,2.72992519971184,0.913129145935384,0,0.205731333172674,0,1.63002033617177
TP_40C_50SOC,40,313.15,0.5,50,20163,2.72229971786528,0.910578508384351,0,0.205731333172674,0,1.78180078296332
TP_40C_50SOC,40,313.15,0.5,50,21241,2.7132491293603,0.907551188752063,0,0.205731333172674,0,1.94996041466043
TP_40C_62SOC,40,313.15,0.625,62.5,0,2.99526415615506,1,0,0.205731333172674,0.369954537000163,-1.36347069561629
TP_40C_62SOC,40,313.15,0.625,62.5,160.33,2.97748395436287,0.994063895247552,0,0.205731333172674,0.369954537000163,-1.33846046022668
TP_40C_62SOC,40,313.15,0.625,62.5,276.98,2.96911373808719,0.991269411743157,0,0.205731333172674,0.369954537000163,-1.32026396575779
TP_40C_62SOC,40,313.15,0.625,62.5,408.99,2.96078878862629,0.988490041034302,0,0.205731333172674,0.369954537000163,-1.29967143052556
TP_40C_62SOC,40,313.15,0.625,62.5,708.11,2.94749166446901,0.984050658240649,0,0.205731333172674,0.369954537000163,-1.25301103253555
TP_40C_62SOC,40,313.15,0.625,62.5,1009.1,2.93720199664923,0.980615345933174,0,0.205731333172674,0.369954537000163,-1.20605892906197
TP_40C_62SOC,40,313.15,0.625,62.5,1285.6,2.92869707391916,0.977775889282049,0,0.205731333172674,0.369954537000163,-1.16292707547732
TP_40C_62SOC,40,313.15,0.625,62.5,1945,2.91371520812649,0.972774038022325,0,0.205731333172674,0.369954537000163,-1.06006579427039
TP_40C_62SOC,40,313.15,0.625,62.5,2579.2,2.90142161414131,0.968669694183429,0,0.205731333172674,0.369954537000163,-0.961135517440793
TP_40C_62SOC,40,313.15,0.625,62.5,3286.7,2.88945996433231,0.964676173350077,0,0.205731333172674,0.369954537000163,-0.85077100962474
TP_40C_62SOC,40,313.15,0.625,62.5,3872.7,2.8802124702769,0.961588801561379,0,0.205731333172674,0.369954537000163,-0.759359558627981
TP_40C_62SOC,40,313.15,0.625,62.5,4483,2.87082108215563,0.958453389246585,0,0.205731333172674,0.369954537000163,-0.664157496267363
TP_40C_62SOC,40,313.15,0.625,62.5,5118.6,2.86221976420161,0.955581750050308,0,0.205731333172674,0.369954537000163,-0.565008830305691
TP_40C_62SOC,40,313.15,0.625,62.5,5753.1,2.85362190544083,0.952711265741566,0,0.205731333172674,0.369954537000163,-0.466031755804934
TP_40C_62SOC,40,313.15,0.625,62.5,6388.1,2.84541214272435,0.949970351321844,0,0.205731333172674,0.369954537000163,-0.366976685185579
TP_40C_62SOC,40,313.15,0.625,62.5,7026.7,2.83813034523893,0.947539247717691,0,0.205731333172674,0.369954537000163,-0.26736004251232
TP_40C_62SOC,40,313.15,0.625,62.5,7663.4,2.83014804701446,0.944874274677478,0,0.205731333172674,0.369954537000163,-0.168039785089732
TP_40C_62SOC,40,313.15,0.625,62.5,8300.1,2.82430391011962,0.942923148970307,0,0.205731333172674,0.369954537000163,-0.0687195276671444
TP_40C_62SOC,40,313.15,0.625,62.5,9031.6,2.81387776952565,0.939442273811919,0,0.205731333172674,0.369954537000163,0.0453887938416083
TP_40C_62SOC,40,313.15,0.625,62.5,9665.8,2.80776357829081,0.937400987662825,0,0.205731333172674,0.369954537000163,0.144319070671206
TP_40C_62SOC,40,313.15,0.625,62.5,10302,2.80177584038607,0.935401919269329,0,0.205731333172674,0.369954537000163,0.243561331975196
TP_40C_62SOC,40,313.15,0.625,62.5,10939,2.79477493029424,0.933064592834382,0,0.205731333172674,0.369954537000163,0.342928387068942
TP_40C_62SOC,40,313.15,0.625,62.5,11575,2.7892180665391,0.931209376243978,0,0.205731333172674,0.369954537000163,0.442139449925493
TP_40C_62SOC,40,313.15,0.625,62.5,12211,2.78225812798921,0.928885728583191,0,0.205731333172674,0.369954537000163,0.541350512782044
TP_40C_62SOC,40,313.15,0.625,62.5,12844,2.77654248433989,0.926977501678537,0,0.205731333172674,0.369954537000163,0.640093598927007
TP_40C_62SOC,40,313.15,0.625,62.5,13481,2.76973592989104,0.924705062890505,0,0.205731333172674,0.369954537000163,0.739460654020753
TP_40C_62SOC,40,313.15,0.625,62.5,14119,2.76380648104107,0.922725454902413,0,0.205731333172674,0.369954537000163,0.838983701351695
TP_40C_62SOC,40,313.15,0.625,62.5,14695,2.7586414158785,0.921001044335166,0,0.205731333172674,0.369954537000163,0.928835229976496
TP_40C_62SOC,40,313.15,0.625,62.5,15148,2.75343612108684,0.919263202689058,0,0.205731333172674,0.369954537000163,0.999499713426209
TP_40C_62SOC,40,313.15,0.625,62.5,15811,2.74788105919514,0.91740858766945,0,0.205731333172674,0.369954537000163,1.10292256668705
TP_40C_62SOC,40,313.15,0.625,62.5,17001,2.73842413578477,0.914251295718776,0,0.205731333172674,0.369954537000163,1.28855332895009
TP_40C_62SOC,40,313.15,0.625,62.5,18239,2.72863875208369,0.910984343893852,0,0.205731333172674,0.369954537000163,1.48167171859853
TP_40C_62SOC,40,313.15,0.625,62.5,19190,2.72094887529192,0.908416998781413,0,0.205731333172674,0.369954537000163,1.63002033617177
TP_40C_62SOC,40,313.15,0.625,62.5,20163,2.71369651579637,0.905995723355455,0,0.205731333172674,0.369954537000163,1.78180078296332
TP_40C_62SOC,40,313.15,0.625,62.5,21241,2.70440780821092,0.902894592002361,0,0.205731333172674,0.369954537000163,1.94996041466043
TP_40C_75SOC,40,313.15,0.75,75,0,2.99664900869078,1,0,0.205731333172674,0.739909074000325,-1.36347069561629
TP_40C_75SOC,40,313.15,0.75,75,160.33,2.96122550526002,0.988178961457272,0,0.205731333172674,0.739909074000325,-1.33846046022668
TP_40C_75SOC,40,313.15,0.75,75,276.98,2.94814862712388,0.983815127688881,0,0.205731333172674,0.739909074000325,-1.32026396575779
TP_40C_75SOC,40,313.15,0.75,75,408.99,2.93920141230085,0.980829387684937,0,0.205731333172674,0.739909074000325,-1.29967143052556
TP_40C_75SOC,40,313.15,0.75,75,708.11,2.9252483731525,0.976173173657907,0,0.205731333172674,0.739909074000325,-1.25301103253555
TP_40C_75SOC,40,313.15,0.75,75,1009.1,2.91257597932197,0.971944318762396,0,0.205731333172674,0.739909074000325,-1.20605892906197
TP_40C_75SOC,40,313.15,0.75,75,1285.6,2.90306301233415,0.968769783820122,0,0.205731333172674,0.739909074000325,-1.16292707547732
TP_40C_75SOC,40,313.15,0.75,75,1945,2.88714520977471,0.963457916293002,0,0.205731333172674,0.739909074000325,-1.06006579427039
TP_40C_75SOC,40,313.15,0.75,75,2579.2,2.87385462896296,0.959022768642008,0,0.205731333172674,0.739909074000325,-0.961135517440793
TP_40C_75SOC,40,313.15,0.75,75,3286.7,2.86136501558144,0.954854908694013,0,0.205731333172674,0.739909074000325,-0.85077100962474
TP_40C_75SOC,40,313.15,0.75,75,3872.7,2.85154885898853,0.951579197536503,0,0.205731333172674,0.739909074000325,-0.759359558627981
TP_40C_75SOC,40,313.15,0.75,75,4483,2.84202763699416,0.948401907848336,0,0.205731333172674,0.739909074000325,-0.664157496267363
TP_40C_75SOC,40,313.15,0.75,75,5118.6,2.8325088422585,0.945225428151163,0,0.205731333172674,0.739909074000325,-0.565008830305691
TP_40C_75SOC,40,313.15,0.75,75,5753.1,2.82335386681587,0.942170357164845,0,0.205731333172674,0.739909074000325,-0.466031755804934
TP_40C_75SOC,40,313.15,0.75,75,6388.1,2.81685012264495,0.940000018178844,0,0.205731333172674,0.739909074000325,-0.366976685185579
TP_40C_75SOC,40,313.15,0.75,75,7026.7,2.80704420514774,0.936727723869844,0,0.205731333172674,0.739909074000325,-0.26736004251232
TP_40C_75SOC,40,313.15,0.75,75,7663.4,2.80185038637231,0.934994514955365,0,0.205731333172674,0.739909074000325,-0.168039785089732
TP_40C_75SOC,40,313.15,0.75,75,8300.1,2.79331011984973,0.932144576074364,0,0.205731333172674,0.739909074000325,-0.0687195276671444
TP_40C_75SOC,40,313.15,0.75,75,9031.6,2.78787555027406,0.930331027153583,0,0.205731333172674,0.739909074000325,0.0453887938416083
TP_40C_75SOC,40,313.15,0.75,75,9665.8,2.78041028588457,0.927839823022622,0,0.205731333172674,0.739909074000325,0.144319070671206
TP_40C_75SOC,40,313.15,0.75,75,10302,2.77372172149623,0.925607808405981,0,0.205731333172674,0.739909074000325,0.243561331975196
TP_40C_75SOC,40,313.15,0.75,75,10939,2.76945765527354,0.924184863573162,0,0.205731333172674,0.739909074000325,0.342928387068942
TP_40C_75SOC,40,313.15,0.75,75,11575,2.76309607460062,0.922061965411092,0,0.205731333172674,0.739909074000325,0.442139449925493
TP_40C_75SOC,40,313.15,0.75,75,12211,2.75671006528925,0.919930915263794,0,0.205731333172674,0.739909074000325,0.541350512782044
TP_40C_75SOC,40,313.15,0.75,75,12844,2.7508985784551,0.917991586761425,0,0.205731333172674,0.739909074000325,0.640093598927007
TP_40C_75SOC,40,313.15,0.75,75,13481,2.74216131529618,0.915075908904732,0,0.205731333172674,0.739909074000325,0.739460654020753
TP_40C_75SOC,40,313.15,0.75,75,14119,2.73623290132901,0.913097561106916,0,0.205731333172674,0.739909074000325,0.838983701351695
TP_40C_75SOC,40,313.15,0.75,75,14695,2.73024997037619,0.911101020659414,0,0.205731333172674,0.739909074000325,0.928835229976496
TP_40C_75SOC,40,313.15,0.75,75,15148,2.72867605175841,0.910575794443993,0,0.205731333172674,0.739909074000325,0.999499713426209
TP_40C_75SOC,40,313.15,0.75,75,15811,2.72176881017892,0.908270805918657,0,0.205731333172674,0.739909074000325,1.10292256668705
TP_40C_75SOC,40,313.15,0.75,75,17001,2.71200534159001,0.905012677068533,0,0.205731333172674,0.739909074000325,1.28855332895009
TP_40C_75SOC,40,313.15,0.75,75,18239,2.70223857361827,0.901753447194292,0,0.205731333172674,0.739909074000325,1.48167171859853
TP_40C_75SOC,40,313.15,0.75,75,19190,2.69472628876252,0.899246552047759,0,0.205731333172674,0.739909074000325,1.63002033617177
TP_40C_75SOC,40,313.15,0.75,75,20163,2.68755102520883,0.896852122959508,0,0.205731333172674,0.739909074000325,1.78180078296332
TP_40C_75SOC,40,313.15,0.75,75,21241,2.67964535211691,0.894213951765954,0,0.205731333172674,0.739909074000325,1.94996041466043
TP_40C_88SOC,40,313.15,0.875,87.5,0,2.9931931792705,1,0,0.205731333172674,1.10986361100049,-1.36347069561629
TP_40C_88SOC,40,313.15,0.875,87.5,160.33,2.94530075268077,0.983999553747011,0,0.205731333172674,1.10986361100049,-1.33846046022668
TP_40C_88SOC,40,313.15,0.875,87.5,276.98,2.9302944582375,0.978986080327655,0,0.205731333172674,1.10986361100049,-1.32026396575779
TP_40C_88SOC,40,313.15,0.875,87.5,408.99,2.91755299035328,0.974729265908706,0,0.205731333172674,1.10986361100049,-1.29967143052556
TP_40C_88SOC,40,313.15,0.875,87.5,708.11,2.89885946041828,0.968483918944647,0,0.205731333172674,1.10986361100049,-1.25301103253555
TP_40C_88SOC,40,313.15,0.875,87.5,1009.1,2.88361983752251,0.96339249250371,0,0.205731333172674,1.10986361100049,-1.20605892906197
TP_40C_88SOC,40,313.15,0.875,87.5,1285.6,2.87131262751468,0.959280759892175,0,0.205731333172674,1.10986361100049,-1.16292707547732
TP_40C_88SOC,40,313.15,0.875,87.5,1945,2.85103232036458,0.952505284359706,0,0.205731333172674,1.10986361100049,-1.06006579427039
TP_40C_88SOC,40,313.15,0.875,87.5,2579.2,2.83421971266971,0.946888337277471,0,0.205731333172674,1.10986361100049,-0.961135517440793
TP_40C_88SOC,40,313.15,0.875,87.5,3286.7,2.81876042144285,0.941723521543584,0,0.205731333172674,1.10986361100049,-0.85077100962474
TP_40C_88SOC,40,313.15,0.875,87.5,3872.7,2.80698209540622,0.937788484500802,0,0.205731333172674,1.10986361100049,-0.759359558627981
TP_40C_88SOC,40,313.15,0.875,87.5,4483,2.7954192962979,0.933925453144056,0,0.205731333172674,1.10986361100049,-0.664157496267363
TP_40C_88SOC,40,313.15,0.875,87.5,5118.6,2.78398294715964,0.930104667630624,0,0.205731333172674,1.10986361100049,-0.565008830305691
TP_40C_88SOC,40,313.15,0.875,87.5,5753.1,2.77321807555152,0.926508216962932,0,0.205731333172674,1.10986361100049,-0.466031755804934
TP_40C_88SOC,40,313.15,0.875,87.5,6388.1,2.76482340692044,0.923703630647148,0,0.205731333172674,1.10986361100049,-0.366976685185579
TP_40C_88SOC,40,313.15,0.875,87.5,7026.7,2.75363527474813,0.919965772279103,0,0.205731333172674,1.10986361100049,-0.26736004251232
TP_40C_88SOC,40,313.15,0.875,87.5,7663.4,2.74491559967219,0.917052604115976,0,0.205731333172674,1.10986361100049,-0.168039785089732
TP_40C_88SOC,40,313.15,0.875,87.5,8300.1,2.73756212836943,0.914595872838594,0,0.205731333172674,1.10986361100049,-0.0687195276671444
TP_40C_88SOC,40,313.15,0.875,87.5,9031.6,2.72936820319926,0.911858353180018,0,0.205731333172674,1.10986361100049,0.0453887938416083
TP_40C_88SOC,40,313.15,0.875,87.5,9665.8,2.72020701628137,0.908797679722208,0,0.205731333172674,1.10986361100049,0.144319070671206
TP_40C_88SOC,40,313.15,0.875,87.5,10302,2.7128119144608,0.906327040048235,0,0.205731333172674,1.10986361100049,0.243561331975196
TP_40C_88SOC,40,313.15,0.875,87.5,10939,2.70498333282712,0.903711578511073,0,0.205731333172674,1.10986361100049,0.342928387068942
TP_40C_88SOC,40,313.15,0.875,87.5,11575,2.69782190596384,0.90131900762294,0,0.205731333172674,1.10986361100049,0.442139449925493
TP_40C_88SOC,40,313.15,0.875,87.5,12211,2.69099271008135,0.899037432237233,0,0.205731333172674,1.10986361100049,0.541350512782044
TP_40C_88SOC,40,313.15,0.875,87.5,12844,2.68478596398507,0.89696381195129,0,0.205731333172674,1.10986361100049,0.640093598927007
TP_40C_88SOC,40,313.15,0.875,87.5,13481,2.67848862364132,0.894859924909397,0,0.205731333172674,1.10986361100049,0.739460654020753
TP_40C_88SOC,40,313.15,0.875,87.5,14119,2.67214762660159,0.89274145254228,0,0.205731333172674,1.10986361100049,0.838983701351695
TP_40C_88SOC,40,313.15,0.875,87.5,14695,2.666180857543,0.890748006512831,0,0.205731333172674,1.10986361100049,0.928835229976496
TP_40C_88SOC,40,313.15,0.875,87.5,15148,2.66408773440204,0.890048712142038,0,0.205731333172674,1.10986361100049,0.999499713426209
TP_40C_88SOC,40,313.15,0.875,87.5,15811,2.6560721728172,0.88737078221745,0,0.205731333172674,1.10986361100049,1.10292256668705
TP_40C_88SOC,40,313.15,0.875,87.5,17001,2.64618295265436,0.884066879137847,0,0.205731333172674,1.10986361100049,1.28855332895009
TP_40C_88SOC,40,313.15,0.875,87.5,18239,2.63674413411135,0.880913451350967,0,0.205731333172674,1.10986361100049,1.48167171859853
TP_40C_88SOC,40,313.15,0.875,87.5,19190,2.62925294574793,0.878410709992574,0,0.205731333172674,1.10986361100049,1.63002033617177
TP_40C_88SOC,40,313.15,0.875,87.5,20163,2.62212880495899,0.876030596059976,0,0.205731333172674,1.10986361100049,1.78180078296332
TP_40C_88SOC,40,313.15,0.875,87.5,21241,2.61548661491464,0.87381149771031,0,0.205731333172674,1.10986361100049,1.94996041466043
TP_60C_0SOC,60,333.15,0,0,0,2.99607084911234,1,0,1.4775250291492,-1.47981814800065,-1.36347069561629
TP_60C_0SOC,60,333.15,0,0,160.33,2.99504699066948,0.999658266277928,0,1.4775250291492,-1.47981814800065,-1.33846046022668
TP_60C_0SOC,60,333.15,0,0,276.98,2.98640449328618,0.996773655793546,0,1.4775250291492,-1.47981814800065,-1.32026396575779
TP_60C_0SOC,60,333.15,0,0,408.99,2.97791644444513,0.993940595672967,0,1.4775250291492,-1.47981814800065,-1.29967143052556
TP_60C_0SOC,60,333.15,0,0,708.11,2.96728658342394,0.990392661876828,0,1.4775250291492,-1.47981814800065,-1.25301103253555
TP_60C_0SOC,60,333.15,0,0,1009.1,2.95793773536408,0.987272292389361,0,1.4775250291492,-1.47981814800065,-1.20605892906197
TP_60C_0SOC,60,333.15,0,0,1285.6,2.94910283760662,0.984323464340092,0,1.4775250291492,-1.47981814800065,-1.16292707547732
TP_60C_0SOC,60,333.15,0,0,1945,2.93937751475593,0.981077438681663,0,1.4775250291492,-1.47981814800065,-1.06006579427039
TP_60C_0SOC,60,333.15,0,0,2579.2,2.93002665290599,0.977956397050518,0,1.4775250291492,-1.47981814800065,-0.961135517440793
TP_60C_0SOC,60,333.15,0,0,3286.7,2.92177408729632,0.975201934280682,0,1.4775250291492,-1.47981814800065,-0.85077100962474
TP_60C_0SOC,60,333.15,0,0,3872.7,2.91497190557335,0.97293156683427,0,1.4775250291492,-1.47981814800065,-0.759359558627981
TP_60C_0SOC,60,333.15,0,0,4483,2.90854511225895,0.970786492956493,0,1.4775250291492,-1.47981814800065,-0.664157496267363
TP_60C_0SOC,60,333.15,0,0,5118.6,2.90190586020904,0.968570506624969,0,1.4775250291492,-1.47981814800065,-0.565008830305691
TP_60C_0SOC,60,333.15,0,0,5753.1,2.89405991913082,0.965951763119439,0,1.4775250291492,-1.47981814800065,-0.466031755804934
TP_60C_0SOC,60,333.15,0,0,6388.1,2.89419803013934,0.965997860496796,0,1.4775250291492,-1.47981814800065,-0.366976685185579
TP_60C_0SOC,60,333.15,0,0,7026.7,2.87656650690085,0.960112978554263,0,1.4775250291492,-1.47981814800065,-0.26736004251232
TP_60C_0SOC,60,333.15,0,0,7663.4,2.86731880644848,0.957026369152116,0,1.4775250291492,-1.47981814800065,-0.168039785089732
TP_60C_0SOC,60,333.15,0,0,8300.1,2.85846775355589,0.954072148995669,0,1.4775250291492,-1.47981814800065,-0.0687195276671444
TP_60C_0SOC,60,333.15,0,0,9031.6,2.8412109538652,0.948312338710875,0,1.4775250291492,-1.47981814800065,0.0453887938416083
TP_60C_0SOC,60,333.15,0,0,9665.8,2.8334308975282,0.945715585586928,0,1.4775250291492,-1.47981814800065,0.144319070671206
TP_60C_0SOC,60,333.15,0,0,10302,2.82509794324031,0.942934291449521,0,1.4775250291492,-1.47981814800065,0.243561331975196
TP_60C_0SOC,60,333.15,0,0,10939,2.81607831247043,0.939923804974359,0,1.4775250291492,-1.47981814800065,0.342928387068942
TP_60C_0SOC,60,333.15,0,0,11575,2.80599090638696,0.936556926622181,0,1.4775250291492,-1.47981814800065,0.442139449925493
TP_60C_0SOC,60,333.15,0,0,12211,2.79648584263619,0.933384416948857,0,1.4775250291492,-1.47981814800065,0.541350512782044
TP_60C_0SOC,60,333.15,0,0,12844,2.78647494161409,0.930043073727596,0,1.4775250291492,-1.47981814800065,0.640093598927007
TP_60C_0SOC,60,333.15,0,0,13481,2.77635672741564,0.926665912536149,0,1.4775250291492,-1.47981814800065,0.739460654020753
TP_60C_0SOC,60,333.15,0,0,14119,2.7656082718895,0.923078395395383,0,1.4775250291492,-1.47981814800065,0.838983701351695
TP_60C_0SOC,60,333.15,0,0,14695,2.75568269023001,0.919765529258578,0,1.4775250291492,-1.47981814800065,0.928835229976496
TP_60C_0SOC,60,333.15,0,0,15148,2.73879453612167,0.914128761986088,0,1.4775250291492,-1.47981814800065,0.999499713426209
TP_60C_0SOC,60,333.15,0,0,15811,2.7304185523355,0.911333105872464,0,1.4775250291492,-1.47981814800065,1.10292256668705
TP_60C_0SOC,60,333.15,0,0,17001,2.71916865143028,0.907578221067736,0,1.4775250291492,-1.47981814800065,1.28855332895009
TP_60C_0SOC,60,333.15,0,0,18239,2.70532476885442,0.902957541760382,0,1.4775250291492,-1.47981814800065,1.48167171859853
TP_60C_0SOC,60,333.15,0,0,19190,2.69026086132631,0.897929654141312,0,1.4775250291492,-1.47981814800065,1.63002033617177
TP_60C_0SOC,60,333.15,0,0,20163,2.67872053834164,0.894077835020249,0,1.4775250291492,-1.47981814800065,1.78180078296332
TP_60C_0SOC,60,333.15,0,0,21241,2.65143387427043,0.884970352104985,0,1.4775250291492,-1.47981814800065,1.94996041466043
TP_60C_100SOC,60,333.15,1,100,0,2.99094017096012,1,0,1.4775250291492,1.47981814800065,-1.36347069561629
TP_60C_100SOC,60,333.15,1,100,160.33,2.91424906428095,0.974358863001077,0,1.4775250291492,1.47981814800065,-1.33846046022668
TP_60C_100SOC,60,333.15,1,100,276.98,2.88020133303298,0.962975241363122,0,1.4775250291492,1.47981814800065,-1.32026396575779
TP_60C_100SOC,60,333.15,1,100,408.99,2.85608800359792,0.954913117730833,0,1.4775250291492,1.47981814800065,-1.29967143052556
TP_60C_100SOC,60,333.15,1,100,708.11,2.81879792092464,0.942445438492265,0,1.4775250291492,1.47981814800065,-1.25301103253555
TP_60C_100SOC,60,333.15,1,100,1009.1,2.79327440080041,0.933911827431754,0,1.4775250291492,1.47981814800065,-1.20605892906197
TP_60C_100SOC,60,333.15,1,100,1285.6,2.77074524896512,0.926379362538598,0,1.4775250291492,1.47981814800065,-1.16292707547732
TP_60C_100SOC,60,333.15,1,100,1945,2.73225565777591,0.913510635988025,0,1.4775250291492,1.47981814800065,-1.06006579427039
TP_60C_100SOC,60,333.15,1,100,2579.2,2.70149864395968,0.903227242787833,0,1.4775250291492,1.47981814800065,-0.961135517440793
TP_60C_100SOC,60,333.15,1,100,3286.7,2.67745628628755,0.895188848069823,0,1.4775250291492,1.47981814800065,-0.85077100962474
TP_60C_100SOC,60,333.15,1,100,3872.7,2.65881581314737,0.888956535795186,0,1.4775250291492,1.47981814800065,-0.759359558627981
TP_60C_100SOC,60,333.15,1,100,4483,2.64158812252667,0.88319657750917,0,1.4775250291492,1.47981814800065,-0.664157496267363
TP_60C_100SOC,60,333.15,1,100,5118.6,2.62242393901541,0.876789166322102,0,1.4775250291492,1.47981814800065,-0.565008830305691
TP_60C_100SOC,60,333.15,1,100,5753.1,2.6009243078346,0.86960091448425,0,1.4775250291492,1.47981814800065,-0.466031755804934
TP_60C_100SOC,60,333.15,1,100,6388.1,2.57914734972377,0.86231994032025,0,1.4775250291492,1.47981814800065,-0.366976685185579
TP_60C_100SOC,60,333.15,1,100,7026.7,2.56146589940827,0.856408270642878,0,1.4775250291492,1.47981814800065,-0.26736004251232
TP_60C_100SOC,60,333.15,1,100,7663.4,2.54360132537163,0.850435374825672,0,1.4775250291492,1.47981814800065,-0.168039785089732
TP_60C_100SOC,60,333.15,1,100,8300.1,2.52991580437002,0.845859716263697,0,1.4775250291492,1.47981814800065,-0.0687195276671444
TP_60C_100SOC,60,333.15,1,100,9031.6,2.51153016296106,0.839712605202275,0,1.4775250291492,1.47981814800065,0.0453887938416083
TP_60C_100SOC,60,333.15,1,100,9665.8,2.49729937522747,0.834954640508845,0,1.4775250291492,1.47981814800065,0.144319070671206
TP_60C_100SOC,60,333.15,1,100,10302,2.48464792464254,0.830724716183455,0,1.4775250291492,1.47981814800065,0.243561331975196
TP_60C_100SOC,60,333.15,1,100,10939,2.47321183589507,0.826901139617629,0,1.4775250291492,1.47981814800065,0.342928387068942
TP_60C_100SOC,60,333.15,1,100,11575,2.46019696783876,0.822549709193619,0,1.4775250291492,1.47981814800065,0.442139449925493
TP_60C_100SOC,60,333.15,1,100,12211,2.44792990532979,0.818448302342331,0,1.4775250291492,1.47981814800065,0.541350512782044
TP_60C_100SOC,60,333.15,1,100,12844,2.4358440909181,0.81440749452911,0,1.4775250291492,1.47981814800065,0.640093598927007
TP_60C_100SOC,60,333.15,1,100,13481,2.42411618686404,0.810486351549411,0,1.4775250291492,1.47981814800065,0.739460654020753
TP_60C_100SOC,60,333.15,1,100,14119,2.4127928559198,0.8067004747692,0,1.4775250291492,1.47981814800065,0.838983701351695
TP_60C_100SOC,60,333.15,1,100,14695,2.4022289765101,0.80316851531636,0,1.4775250291492,1.47981814800065,0.928835229976496
TP_60C_100SOC,60,333.15,1,100,15148,2.39435620323389,0.800536308442866,0,1.4775250291492,1.47981814800065,0.999499713426209
TP_60C_100SOC,60,333.15,1,100,15811,2.38362733730244,0.796949186896398,0,1.4775250291492,1.47981814800065,1.10292256668705
TP_60C_100SOC,60,333.15,1,100,17001,2.3688128715365,0.791996073520952,0,1.4775250291492,1.47981814800065,1.28855332895009
TP_60C_100SOC,60,333.15,1,100,18239,2.35311959189484,0.786749134851289,0,1.4775250291492,1.47981814800065,1.48167171859853
TP_60C_100SOC,60,333.15,1,100,19190,2.34114448877245,0.782745342586014,0,1.4775250291492,1.47981814800065,1.63002033617177
TP_60C_100SOC,60,333.15,1,100,20163,2.32904149612648,0.77869879134989,0,1.4775250291492,1.47981814800065,1.78180078296332
TP_60C_100SOC,60,333.15,1,100,21241,2.31610166722142,0.774372449743095,0,1.4775250291492,1.47981814800065,1.94996041466043
TP_60C_50SOC,60,333.15,0.5,50,0,2.99083615332298,1,0,1.4775250291492,0,-1.36347069561629
TP_60C_50SOC,60,333.15,0.5,50,160.33,2.94717494878133,0.985401672875614,0,1.4775250291492,0,-1.33846046022668
TP_60C_50SOC,60,333.15,0.5,50,276.98,2.92338653423117,0.977447905657797,0,1.4775250291492,0,-1.32026396575779
TP_60C_50SOC,60,333.15,0.5,50,408.99,2.90458541222055,0.971161662932755,0,1.4775250291492,0,-1.29967143052556
TP_60C_50SOC,60,333.15,0.5,50,708.11,2.87269056820596,0.960497473261531,0,1.4775250291492,0,-1.25301103253555
TP_60C_50SOC,60,333.15,0.5,50,1009.1,2.85139622106154,0.953377609098875,0,1.4775250291492,0,-1.20605892906197
TP_60C_50SOC,60,333.15,0.5,50,1285.6,2.83200810969483,0.946895103748267,0,1.4775250291492,0,-1.16292707547732
TP_60C_50SOC,60,333.15,0.5,50,1945,2.79932219788013,0.935966416873065,0,1.4775250291492,0,-1.06006579427039
TP_60C_50SOC,60,333.15,0.5,50,2579.2,2.77315518556936,0.927217354413827,0,1.4775250291492,0,-0.961135517440793
TP_60C_50SOC,60,333.15,0.5,50,3286.7,2.75322507411253,0.920553628808301,0,1.4775250291492,0,-0.85077100962474
TP_60C_50SOC,60,333.15,0.5,50,3872.7,2.7363444040512,0.914909498138497,0,1.4775250291492,0,-0.759359558627981
TP_60C_50SOC,60,333.15,0.5,50,4483,2.72330230806856,0.910548812593035,0,1.4775250291492,0,-0.664157496267363
TP_60C_50SOC,60,333.15,0.5,50,5118.6,2.70451008160356,0.904265544135109,0,1.4775250291492,0,-0.565008830305691
TP_60C_50SOC,60,333.15,0.5,50,5753.1,2.6839395418023,0.897387688329332,0,1.4775250291492,0,-0.466031755804934
TP_60C_50SOC,60,333.15,0.5,50,6388.1,2.66311614685944,0.890425289229092,0,1.4775250291492,0,-0.366976685185579
TP_60C_50SOC,60,333.15,0.5,50,7026.7,2.64289182882817,0.883663194284908,0,1.4775250291492,0,-0.26736004251232
TP_60C_50SOC,60,333.15,0.5,50,7663.4,2.62464846027452,0.877563439026372,0,1.4775250291492,0,-0.168039785089732
TP_60C_50SOC,60,333.15,0.5,50,8300.1,2.61095743104592,0.872985779627214,0,1.4775250291492,0,-0.0687195276671444
TP_60C_50SOC,60,333.15,0.5,50,9031.6,2.59190744215712,0.866616327102162,0,1.4775250291492,0,0.0453887938416083
TP_60C_50SOC,60,333.15,0.5,50,9665.8,2.57786372961529,0.86192074639433,0,1.4775250291492,0,0.144319070671206
TP_60C_50SOC,60,333.15,0.5,50,10302,2.56608332647691,0.857981913728659,0,1.4775250291492,0,0.243561331975196
TP_60C_50SOC,60,333.15,0.5,50,10939,2.55509551227479,0.854308086865923,0,1.4775250291492,0,0.342928387068942
TP_60C_50SOC,60,333.15,0.5,50,11575,2.54236520130719,0.85005164809262,0,1.4775250291492,0,0.442139449925493
TP_60C_50SOC,60,333.15,0.5,50,12211,2.53182818267944,0.846528546830104,0,1.4775250291492,0,0.541350512782044
TP_60C_50SOC,60,333.15,0.5,50,12844,2.52053554799024,0.842752801817575,0,1.4775250291492,0,0.640093598927007
TP_60C_50SOC,60,333.15,0.5,50,13481,2.5097973470442,0.839162434309777,0,1.4775250291492,0,0.739460654020753
TP_60C_50SOC,60,333.15,0.5,50,14119,2.49884695615291,0.835501120105345,0,1.4775250291492,0,0.838983701351695
TP_60C_50SOC,60,333.15,0.5,50,14695,2.48820958965576,0.831944467065247,0,1.4775250291492,0,0.928835229976496
TP_60C_50SOC,60,333.15,0.5,50,15148,2.47934279917556,0.828979814364246,0,1.4775250291492,0,0.999499713426209
TP_60C_50SOC,60,333.15,0.5,50,15811,2.46598990508367,0.824515212023174,0,1.4775250291492,0,1.10292256668705
TP_60C_50SOC,60,333.15,0.5,50,17001,2.45152745768687,0.819679625366,0,1.4775250291492,0,1.28855332895009
TP_60C_50SOC,60,333.15,0.5,50,18239,2.43478409738422,0.814081404853637,0,1.4775250291492,0,1.48167171859853
TP_60C_50SOC,60,333.15,0.5,50,19190,2.42107575990156,0.809497958359108,0,1.4775250291492,0,1.63002033617177
TP_60C_50SOC,60,333.15,0.5,50,20163,2.40750571375196,0.804960750215986,0,1.4775250291492,0,1.78180078296332
TP_60C_50SOC,60,333.15,0.5,50,21241,2.39128338461022,0.79953673889938,0,1.4775250291492,0,1.94996041466043
